concurrency,latency_us
2500,3762
2500,4935
2500,10885
2500,15121
2500,10777
2500,9399
2500,7594
2500,5429
2500,10214
2500,10563
2500,4613
2500,4028
2500,9906
2500,4594
2500,9977
2500,4007
2500,5564
2500,9973
2500,2036
2500,5242
2500,9823
2500,10018
2500,10039
2500,1949
2500,9890
2500,10811
2500,2155
2500,11487
2500,9036
2500,9996
2500,9081
2500,10094
2500,9803
2500,10288
2500,1895
2500,9527
2500,11894
2500,10024
2500,10739
2500,9108
2500,11123
2500,10049
2500,10267
2500,2074
2500,9566
2500,10854
2500,11166
2500,10091
2500,10428
2500,9190
2500,9357
2500,15129
2500,2253
2500,9738
2500,9549
2500,9608
2500,1990
2500,10111
2500,9191
2500,1564
2500,1563
2500,5462
2500,2874
2500,5622
2500,8880
2500,5911
2500,4776
2500,1908
2500,3487
2500,10917
2500,5228
2500,10152
2500,5598
2500,8942
2500,3656
2500,10044
2500,4063
2500,10446
2500,3122
2500,4962
2500,11014
2500,982
2500,988
2500,11004
2500,3157
2500,2985
2500,8989
2500,5661
2500,1641
2500,10340
2500,3958
2500,3216
2500,9712
2500,6085
2500,6752
2500,10123
2500,5466
2500,5697
2500,10950
2500,6126
2500,3000
2500,10528
2500,5411
2500,3929
2500,11062
2500,3891
2500,2789
2500,3244
2500,6755
2500,9458
2500,3661
2500,4181
2500,10619
2500,1770
2500,3301
2500,3009
2500,4918
2500,3873
2500,6990
2500,4928
2500,3204
2500,6361
2500,4796
2500,6490
2500,1808
2500,3415
2500,1269
2500,6585
2500,2540
2500,2783
2500,6909
2500,6020
2500,7554
2500,3513
2500,2824
2500,3979
2500,6100
2500,3812
2500,6622
2500,7285
2500,2809
2500,6162
2500,3128
2500,3777
2500,6402
2500,6050
2500,2624
2500,2743
2500,7567
2500,5712
2500,6012
2500,7578
2500,2723
2500,5064
2500,7699
2500,1535
2500,6126
2500,9142
2500,6414
2500,8602
2500,1173
2500,8612
2500,5603
2500,1658
2500,3647
2500,8849
2500,6420
2500,9216
2500,3828
2500,5853
2500,3818
2500,8911
2500,2036
2500,1680
2500,4062
2500,2018
2500,3746
2500,9855
2500,1788
2500,8990
2500,3980
2500,1957
2500,10097
2500,8216
2500,1961
2500,9236
2500,2204
2500,8688
2500,9300
2500,1890
2500,7740
2500,8246
2500,2094
2500,9605
2500,9322
2500,2095
2500,9058
2500,8430
2500,2032
2500,9518
2500,8344
2500,9025
2500,2070
2500,8579
2500,8025
2500,2327
2500,8001
2500,8156
2500,8710
2500,9357
2500,10179
2500,8043
2500,7936
2500,6652
2500,2253
2500,10502
2500,7794
2500,9314
2500,8237
2500,9470
2500,8803
2500,3408
2500,3566
2500,10302
2500,8485
2500,8484
2500,9388
2500,8654
2500,9488
2500,9687
2500,10758
2500,9095
2500,9169
2500,8200
2500,9127
2500,9876
2500,8863
2500,8487
2500,8515
2500,9712
2500,9919
2500,2418
2500,8015
2500,9673
2500,6847
2500,2437
2500,8945
2500,8131
2500,10825
2500,2737
2500,5837
2500,7915
2500,9982
2500,10853
2500,7944
2500,9456
2500,7924
2500,7814
2500,2602
2500,6898
2500,8049
2500,8245
2500,5920
2500,3012
2500,8414
2500,10681
2500,8610
2500,3332
2500,9138
2500,8621
2500,9431
2500,2747
2500,6307
2500,5999
2500,9435
2500,10150
2500,10244
2500,8000
2500,6936
2500,3511
2500,6957
2500,6472
2500,8285
2500,7202
2500,7388
2500,7916
2500,10169
2500,8297
2500,8235
2500,9731
2500,9435
2500,10855
2500,10207
2500,8247
2500,8451
2500,10183
2500,8177
2500,6086
2500,8924
2500,10249
2500,3002
2500,8701
2500,8649
2500,9717
2500,9374
2500,10933
2500,3414
2500,7062
2500,10245
2500,8105
2500,7946
2500,8399
2500,10200
2500,3140
2500,7778
2500,10216
2500,9342
2500,8187
2500,10372
2500,3503
2500,7480
2500,10363
2500,4006
2500,10235
2500,3545
2500,8009
2500,8942
2500,10243
2500,8408
2500,3555
2500,10261
2500,8387
2500,7722
2500,8093
2500,9990
2500,8418
2500,3879
2500,8566
2500,9511
2500,7156
2500,10426
2500,3336
2500,9960
2500,9303
2500,7946
2500,3562
2500,547
2500,8101
2500,7877
2500,1228
2500,3737
2500,8456
2500,1197
2500,7990
2500,6305
2500,8554
2500,481
2500,8888
2500,8559
2500,7986
2500,1114
2500,7992
2500,6512
2500,6426
2500,4697
2500,985
2500,6245
2500,8699
2500,5879
2500,853
2500,2556
2500,800
2500,2012
2500,3704
2500,10213
2500,3947
2500,1914
2500,975
2500,2341
2500,986
2500,8659
2500,4036
2500,957
2500,9977
2500,6668
2500,7771
2500,9026
2500,965
2500,4823
2500,1679
2500,933
2500,10246
2500,1684
2500,1900
2500,9071
2500,6143
2500,6331
2500,9188
2500,8055
2500,1802
2500,5520
2500,6278
2500,9490
2500,6033
2500,4802
2500,9977
2500,9999
2500,4804
2500,4943
2500,10764
2500,10580
2500,3455
2500,207
2500,2868
2500,10307
2500,1966
2500,26123
2500,15836
2500,16699
2500,15066
2500,15887
2500,27294
2500,15915
2500,26379
2500,15952
2500,26401
2500,15990
2500,26462
2500,16277
2500,15338
2500,15922
2500,26404
2500,22400
2500,18127
2500,18268
2500,16301
2500,22373
2500,15532
2500,15588
2500,18192
2500,25927
2500,27452
2500,18359
2500,22625
2500,16131
2500,16578
2500,16149
2500,22716
2500,15663
2500,26179
2500,22106
2500,22442
2500,27521
2500,22187
2500,27509
2500,22646
2500,22322
2500,16211
2500,16633
2500,15837
2500,22599
2500,22489
2500,18363
2500,26409
2500,22437
2500,16760
2500,15542
2500,22189
2500,22161
2500,16649
2500,21886
2500,22403
2500,18576
2500,17631
2500,18226
2500,18157
2500,15858
2500,18509
2500,16629
2500,28163
2500,27402
2500,28523
2500,33403
2500,29619
2500,29111
2500,27506
2500,29649
2500,27575
2500,28000
2500,29553
2500,31908
2500,30669
2500,30125
2500,29515
2500,32263
2500,29888
2500,27293
2500,30858
2500,33262
2500,28954
2500,1084
2500,9069
2500,40288
2500,40355
2500,22686
2500,29054
2500,29123
2500,22810
2500,40777
2500,40750
2500,21927
2500,28179
2500,27565
2500,40806
2500,21853
2500,22836
2500,27543
2500,40526
2500,29306
2500,15401
2500,36162
2500,16856
2500,15564
2500,42021
2500,29840
2500,14236
2500,40658
2500,21932
2500,12595
2500,12127
2500,41587
2500,14673
2500,27717
2500,13721
2500,39802
2500,40568
2500,29747
2500,14338
2500,42369
2500,22299
2500,14571
2500,39800
2500,14820
2500,29779
2500,14222
2500,39406
2500,39859
2500,37909
2500,29531
2500,38866
2500,22889
2500,40224
2500,28673
2500,30040
2500,39982
2500,30094
2500,40110
2500,41066
2500,29800
2500,23037
2500,23086
2500,23232
2500,39329
2500,38235
2500,40993
2500,39673
2500,32813
2500,41216
2500,32480
2500,28589
2500,16787
2500,41480
2500,32634
2500,15495
2500,27962
2500,15136
2500,28964
2500,15336
2500,34018
2500,13674
2500,29508
2500,15416
2500,30164
2500,27727
2500,17870
2500,28682
2500,16181
2500,27745
2500,44651
2500,32719
2500,32525
2500,18298
2500,28090
2500,27794
2500,36311
2500,29008
2500,27748
2500,44410
2500,28857
2500,19279
2500,28818
2500,36396
2500,27942
2500,28658
2500,18372
2500,28878
2500,42919
2500,36568
2500,27971
2500,18939
2500,29300
2500,17076
2500,29020
2500,18773
2500,44744
2500,32821
2500,19041
2500,28952
2500,18640
2500,29055
2500,43237
2500,39109
2500,17658
2500,32797
2500,42209
2500,40179
2500,29211
2500,19308
2500,40177
2500,29541
2500,19478
2500,29134
2500,28217
2500,42315
2500,29138
2500,24718
2500,17302
2500,29400
2500,42338
2500,42344
2500,29194
2500,41351
2500,42129
2500,28284
2500,32673
2500,39395
2500,16108
2500,28167
2500,30194
2500,29011
2500,38477
2500,28901
2500,28726
2500,22569
2500,41215
2500,13653
2500,23611
2500,41650
2500,39017
2500,17575
2500,42511
2500,24340
2500,16224
2500,23957
2500,28401
2500,38737
2500,39343
2500,38579
2500,39756
2500,18796
2500,18267
2500,39726
2500,18570
2500,30088
2500,38997
2500,39683
2500,38812
2500,17554
2500,17216
2500,40071
2500,40044
2500,38185
2500,41234
2500,41011
2500,39005
2500,39817
2500,23985
2500,42223
2500,17892
2500,14428
2500,14810
2500,14641
2500,13865
2500,44295
2500,41378
2500,18576
2500,14917
2500,36329
2500,36188
2500,18736
2500,15768
2500,36360
2500,18131
2500,44682
2500,19130
2500,44453
2500,16074
2500,18909
2500,14112
2500,41855
2500,18317
2500,18811
2500,44470
2500,30061
2500,18806
2500,18838
2500,42106
2500,19448
2500,17766
2500,43290
2500,43282
2500,43892
2500,17468
2500,43484
2500,19364
2500,43657
2500,42037
2500,20038
2500,17434
2500,42523
2500,19733
2500,38516
2500,16504
2500,19888
2500,38465
2500,38701
2500,43828
2500,17520
2500,17679
2500,18976
2500,16162
2500,14127
2500,17046
2500,43951
2500,19200
2500,45045
2500,18808
2500,14179
2500,22268
2500,13875
2500,21886
2500,14035
2500,36926
2500,33437
2500,22334
2500,44005
2500,18799
2500,16432
2500,22437
2500,21929
2500,17351
2500,37126
2500,37306
2500,21947
2500,17466
2500,19753
2500,16889
2500,13032
2500,12546
2500,42032
2500,16254
2500,14964
2500,45002
2500,31849
2500,16088
2500,13109
2500,24351
2500,43042
2500,17201
2500,13026
2500,12403
2500,15085
2500,32585
2500,12103
2500,12443
2500,12481
2500,12488
2500,34014
2500,31945
2500,16803
2500,12563
2500,34075
2500,14433
2500,15100
2500,33653
2500,13648
2500,12206
2500,14488
2500,14063
2500,33702
2500,13538
2500,12249
2500,32098
2500,19162
2500,13514
2500,17868
2500,12805
2500,20444
2500,33780
2500,36294
2500,36127
2500,13789
2500,17200
2500,16401
2500,20696
2500,20470
2500,17743
2500,19303
2500,43479
2500,44181
2500,36053
2500,20506
2500,20205
2500,15924
2500,19454
2500,17793
2500,38507
2500,17389
2500,20328
2500,20545
2500,42232
2500,36466
2500,20421
2500,16403
2500,43284
2500,43718
2500,15962
2500,37729
2500,36410
2500,20226
2500,42927
2500,20488
2500,42998
2500,21984
2500,7910
2500,3082
2500,21849
2500,22027
2500,21523
2500,3866
2500,6849
2500,6522
2500,517
2500,3423
2500,24181
2500,43964
2500,24496
2500,26394
2500,26341
2500,5211
2500,26720
2500,26664
2500,23889
2500,26241
2500,20644
2500,23974
2500,20530
2500,24588
2500,20401
2500,25330
2500,20602
2500,24900
2500,44478
2500,25132
2500,44139
2500,24378
2500,20787
2500,44201
2500,24323
2500,22583
2500,24801
2500,23418
2500,23953
2500,23824
2500,24701
2500,24455
2500,24002
2500,24833
2500,3359
2500,25366
2500,24866
2500,20220
2500,26785
2500,20760
2500,21424
2500,44400
2500,7323
2500,44354
2500,8176
2500,20827
2500,38031
2500,20513
2500,20192
2500,3999
2500,35985
2500,18207
2500,7458
2500,35005
2500,13695
2500,18467
2500,36011
2500,35866
2500,6134
2500,18157
2500,36130
2500,18189
2500,6331
2500,6151
2500,35992
2500,6233
2500,18233
2500,7619
2500,6339
2500,35305
2500,41699
2500,18244
2500,24761
2500,6522
2500,13714
2500,6266
2500,42996
2500,35329
2500,17476
2500,13707
2500,20322
2500,43000
2500,27600
2500,43037
2500,19778
2500,26529
2500,16381
2500,14945
2500,39993
2500,42596
2500,38593
2500,19336
2500,26516
2500,37656
2500,18009
2500,39793
2500,19400
2500,37879
2500,26819
2500,19117
2500,23919
2500,40028
2500,44440
2500,33031
2500,26812
2500,19346
2500,9844
2500,40019
2500,19729
2500,10573
2500,43957
2500,26982
2500,10559
2500,19781
2500,36499
2500,38627
2500,37834
2500,9817
2500,19014
2500,38153
2500,19164
2500,38587
2500,36531
2500,24244
2500,44587
2500,9253
2500,37932
2500,19271
2500,10135
2500,20084
2500,38513
2500,33723
2500,38375
2500,44100
2500,38577
2500,36841
2500,8956
2500,44684
2500,18196
2500,1654
2500,20020
2500,28076
2500,21864
2500,14514
2500,41608
2500,21878
2500,33059
2500,13938
2500,7875
2500,33095
2500,12591
2500,3557
2500,13426
2500,27176
2500,21691
2500,13860
2500,28275
2500,3549
2500,13686
2500,13327
2500,21825
2500,12616
2500,12226
2500,3954
2500,14048
2500,12590
2500,14055
2500,21366
2500,41680
2500,34356
2500,5236
2500,12013
2500,34389
2500,1335
2500,27682
2500,15411
2500,6244
2500,12766
2500,27445
2500,6433
2500,13453
2500,30911
2500,562
2500,12658
2500,13594
2500,1347
2500,14460
2500,23697
2500,4224
2500,14634
2500,32664
2500,7078
2500,34149
2500,14076
2500,12742
2500,6788
2500,14529
2500,45933
2500,3557
2500,34238
2500,12793
2500,25712
2500,12930
2500,38832
2500,1484
2500,14542
2500,13726
2500,44594
2500,13575
2500,15700
2500,23669
2500,33324
2500,34490
2500,25910
2500,14267
2500,45122
2500,8072
2500,43655
2500,39666
2500,34831
2500,16525
2500,8833
2500,15957
2500,38981
2500,17032
2500,26868
2500,37825
2500,8225
2500,13786
2500,46250
2500,40016
2500,34873
2500,8206
2500,16940
2500,25039
2500,14090
2500,39287
2500,45896
2500,8407
2500,33026
2500,37871
2500,16782
2500,38605
2500,43797
2500,45112
2500,16524
2500,44167
2500,15877
2500,15244
2500,45203
2500,35311
2500,44842
2500,15159
2500,34066
2500,17042
2500,38768
2500,46254
2500,37896
2500,15264
2500,38152
2500,544
2500,17383
2500,18289
2500,695
2500,6693
2500,37925
2500,17877
2500,18032
2500,18436
2500,2404
2500,35528
2500,2153
2500,17934
2500,17960
2500,2344
2500,34577
2500,34618
2500,34652
2500,17926
2500,18460
2500,17844
2500,18066
2500,34642
2500,18171
2500,18164
2500,19842
2500,18992
2500,5489
2500,36332
2500,35599
2500,7258
2500,34809
2500,35855
2500,17456
2500,18101
2500,17765
2500,7269
2500,35621
2500,7252
2500,34926
2500,17880
2500,7215
2500,35706
2500,17902
2500,7310
2500,7020
2500,34969
2500,1155
2500,40036
2500,2205
2500,27870
2500,27524
2500,7481
2500,6323
2500,29621
2500,7471
2500,19783
2500,28097
2500,30222
2500,16909
2500,8330
2500,8054
2500,30165
2500,1870
2500,4737
2500,10759
2500,4359
2500,28223
2500,16949
2500,6121
2500,27648
2500,17338
2500,16128
2500,5843
2500,5754
2500,23253
2500,22374
2500,5929
2500,17822
2500,31947
2500,17905
2500,32537
2500,31904
2500,19132
2500,9382
2500,32741
2500,18905
2500,7326
2500,32798
2500,7580
2500,32533
2500,32855
2500,7432
2500,18494
2500,32428
2500,6518
2500,32705
2500,18242
2500,18282
2500,4794
2500,5605
2500,1314
2500,3332
2500,3992
2500,3662
2500,3887
2500,3458
2500,1326
2500,1508
2500,14525
2500,4361
2500,11503
2500,3799
2500,14886
2500,2878
2500,4786
2500,25693
2500,18992
2500,7641
2500,7528
2500,32988
2500,19013
2500,7827
2500,8764
2500,18987
2500,37023
2500,33076
2500,7880
2500,37962
2500,21413
2500,7526
2500,8973
2500,19320
2500,37127
2500,16349
2500,9186
2500,19092
2500,3883
2500,25401
2500,31800
2500,21738
2500,20695
2500,32233
2500,3220
2500,20743
2500,32228
2500,7896
2500,21633
2500,3431
2500,21977
2500,4305
2500,17210
2500,21582
2500,5047
2500,21984
2500,4316
2500,4277
2500,21531
2500,1256
2500,28530
2500,8987
2500,24016
2500,507
2500,6793
2500,951
2500,35629
2500,1165
2500,1408
2500,1433
2500,6759
2500,1228
2500,1205
2500,6582
2500,1433
2500,1339
2500,1089
2500,1137
2500,1223
2500,16521
2500,1486
2500,1205
2500,24270
2500,1017
2500,1318
2500,16798
2500,25496
2500,31178
2500,30660
2500,28322
2500,14987
2500,16953
2500,9099
2500,35739
2500,33530
2500,33206
2500,17320
2500,35801
2500,11045
2500,18102
2500,43468
2500,16870
2500,14088
2500,15611
2500,14303
2500,34774
2500,3371
2500,3859
2500,5139
2500,25676
2500,1146
2500,4075
2500,5415
2500,1147
2500,3115
2500,6633
2500,10038
2500,901
2500,3758
2500,4115
2500,3557
2500,12176
2500,15570
2500,1985
2500,3834
2500,3382
2500,2260
2500,5654
2500,15484
2500,3436
2500,11044
2500,4356
2500,4254
2500,9285
2500,2631
2500,33396
2500,12059
2500,33445
2500,3046
2500,2118
2500,34859
2500,29295
2500,33473
2500,4025
2500,28370
2500,9579
2500,2231
2500,3595
2500,40585
2500,5131
2500,39999
2500,4526
2500,5781
2500,39689
2500,4502
2500,16541
2500,13612
2500,29709
2500,2594
2500,7099
2500,29425
2500,3214
2500,20646
2500,3656
2500,21944
2500,30396
2500,4349
2500,43874
2500,39758
2500,24690
2500,6976
2500,44994
2500,39735
2500,31210
2500,1661
2500,44122
2500,28524
2500,25431
2500,3426
2500,18500
2500,38783
2500,31622
2500,5554
2500,17772
2500,29766
2500,1034
2500,25487
2500,26010
2500,25506
2500,27196
2500,9087
2500,31647
2500,6072
2500,31679
2500,7220
2500,32951
2500,8094
2500,26549
2500,9628
2500,1205
2500,25393
2500,9416
2500,15793
2500,1222
2500,33519
2500,31244
2500,13715
2500,9618
2500,24278
2500,26083
2500,17804
2500,15685
2500,1216
2500,2035
2500,9653
2500,26202
2500,13129
2500,1501
2500,2847
2500,33541
2500,13319
2500,9198
2500,24202
2500,12795
2500,21296
2500,26432
2500,4544
2500,13653
2500,805
2500,34437
2500,17577
2500,12469
2500,1551
2500,32787
2500,21751
2500,32217
2500,35540
2500,1457
2500,13124
2500,26511
2500,14057
2500,15019
2500,2586
2500,21800
2500,26615
2500,16667
2500,33648
2500,14463
2500,29472
2500,16669
2500,16944
2500,21043
2500,14070
2500,1757
2500,12594
2500,27109
2500,17837
2500,1011
2500,2837
2500,5076
2500,2284
2500,9495
2500,32997
2500,7152
2500,2067
2500,1299
2500,16769
2500,32787
2500,3217
2500,2693
2500,15411
2500,20823
2500,16467
2500,14204
2500,15227
2500,20879
2500,18706
2500,2804
2500,1864
2500,10669
2500,17612
2500,11071
2500,19106
2500,10734
2500,3042
2500,13589
2500,20822
2500,16825
2500,3440
2500,2132
2500,13593
2500,20897
2500,33594
2500,1131
2500,21118
2500,1844
2500,17923
2500,35626
2500,7185
2500,3234
2500,18011
2500,20704
2500,14432
2500,1971
2500,1460
2500,18809
2500,12969
2500,4634
2500,19633
2500,21056
2500,2058
2500,7318
2500,4649
2500,19197
2500,21287
2500,3289
2500,2478
2500,4878
2500,18967
2500,18067
2500,2388
2500,2940
2500,2975
2500,19321
2500,11699
2500,2727
2500,4157
2500,2626
2500,19886
2500,2528
2500,14199
2500,11436
2500,21535
2500,20775
2500,20699
2500,3978
2500,2009
2500,20557
2500,19714
2500,2817
2500,11682
2500,2797
2500,19703
2500,20516
2500,6267
2500,1026
2500,1787
2500,19598
2500,17873
2500,4741
2500,7294
2500,19868
2500,13111
2500,4316
2500,5083
2500,2873
2500,39227
2500,19194
2500,2911
2500,19456
2500,17628
2500,2890
2500,19942
2500,20786
2500,19746
2500,19676
2500,9731
2500,19774
2500,6815
2500,19837
2500,32037
2500,19451
2500,9759
2500,19823
2500,3038
2500,42082
2500,27868
2500,21231
2500,18860
2500,39540
2500,11299
2500,20182
2500,39928
2500,21185
2500,13043
2500,38876
2500,15457
2500,40206
2500,22304
2500,9582
2500,15682
2500,30016
2500,4611
2500,39959
2500,47663
2500,4763
2500,29921
2500,47551
2500,7261
2500,39637
2500,23389
2500,29685
2500,4887
2500,198
2500,39792
2500,4755
2500,28045
2500,1891
2500,5486
2500,40504
2500,842
2500,16226
2500,40259
2500,26996
2500,29025
2500,5528
2500,28274
2500,4076
2500,5500
2500,29196
2500,815
2500,2544
2500,29095
2500,4130
2500,30056
2500,34082
2500,40640
2500,17148
2500,15956
2500,24455
2500,17136
2500,30212
2500,4780
2500,7957
2500,17742
2500,15559
2500,18831
2500,3358
2500,18797
2500,39418
2500,20684
2500,14938
2500,20535
2500,7708
2500,34147
2500,18830
2500,3969
2500,18815
2500,4848
2500,3688
2500,18620
2500,15326
2500,3789
2500,4883
2500,18680
2500,3018
2500,37354
2500,18500
2500,3117
2500,19312
2500,4175
2500,3693
2500,19105
2500,11532
2500,2398
2500,20499
2500,11659
2500,3176
2500,13855
2500,2301
2500,4372
2500,9267
2500,1997
2500,6542
2500,16548
2500,31645
2500,9536
2500,51861
2500,20442
2500,27011
2500,17391
2500,20926
2500,20911
2500,20866
2500,22548
2500,21026
2500,21132
2500,22818
2500,21275
2500,21099
2500,6488
2500,21288
2500,21774
2500,17436
2500,14250
2500,7136
2500,17923
2500,1178
2500,8894
2500,11258
2500,1128
2500,19934
2500,6893
2500,46122
2500,17954
2500,17383
2500,14115
2500,2952
2500,20126
2500,2932
2500,14069
2500,2874
2500,18462
2500,15525
2500,15396
2500,2839
2500,45712
2500,16766
2500,4910
2500,6148
2500,18277
2500,6295
2500,16460
2500,44130
2500,3097
2500,43888
2500,7176
2500,612
2500,15635
2500,21864
2500,6186
2500,5834
2500,5025
2500,2340
2500,15846
2500,6354
2500,45161
2500,731
2500,22185
2500,2386
2500,1470
2500,17639
2500,7219
2500,17622
2500,1603
2500,3161
2500,731
2500,1587
2500,6657
2500,17547
2500,4470
2500,24327
2500,38107
2500,14900
2500,5381
2500,26879
2500,3407
2500,3373
2500,25874
2500,3182
2500,44996
2500,37267
2500,6351
2500,5079
2500,5974
2500,2422
2500,18082
2500,4923
2500,23760
2500,15934
2500,21474
2500,3119
2500,27333
2500,3354
2500,19571
2500,1713
2500,6668
2500,12651
2500,19861
2500,3460
2500,13828
2500,24882
2500,22331
2500,25839
2500,7161
2500,5184
2500,28151
2500,27407
2500,4675
2500,28360
2500,2727
2500,9347
2500,3603
2500,23185
2500,11650
2500,46015
2500,22953
2500,29506
2500,28099
2500,5104
2500,25911
2500,11614
2500,2944
2500,25978
2500,11658
2500,44373
2500,25819
2500,2326
2500,38776
2500,43333
2500,23048
2500,3618
2500,25946
2500,7490
2500,25669
2500,3379
2500,9737
2500,3032
2500,6716
2500,22878
2500,4510
2500,1259
2500,4288
2500,15602
2500,25717
2500,3692
2500,7706
2500,23839
2500,25614
2500,25803
2500,14888
2500,6335
2500,23611
2500,3300
2500,25914
2500,23175
2500,7260
2500,7844
2500,7134
2500,22699
2500,14902
2500,6904
2500,12010
2500,1587
2500,6988
2500,25790
2500,7330
2500,2830
2500,37762
2500,22904
2500,2472
2500,13018
2500,22819
2500,3097
2500,7285
2500,23579
2500,14715
2500,39308
2500,25677
2500,3479
2500,3628
2500,25414
2500,7381
2500,3178
2500,23870
2500,41371
2500,6443
2500,7013
2500,23787
2500,3412
2500,25873
2500,42063
2500,4407
2500,3865
2500,12686
2500,40785
2500,3868
2500,36083
2500,25376
2500,3581
2500,5992
2500,38451
2500,4116
2500,11807
2500,7060
2500,7925
2500,4202
2500,38366
2500,25076
2500,12452
2500,14973
2500,7702
2500,4264
2500,38596
2500,25897
2500,16465
2500,7348
2500,39309
2500,3334
2500,25595
2500,24932
2500,12288
2500,14925
2500,7329
2500,2948
2500,24437
2500,39314
2500,16236
2500,7359
2500,39111
2500,1921
2500,20894
2500,1844
2500,24397
2500,38725
2500,12620
2500,6832
2500,14535
2500,8521
2500,25340
2500,1862
2500,22072
2500,46463
2500,25530
2500,38924
2500,27617
2500,25517
2500,21749
2500,29340
2500,30774
2500,24552
2500,34617
2500,28250
2500,21344
2500,22030
2500,29259
2500,17133
2500,3991
2500,20671
2500,32798
2500,6913
2500,21497
2500,18861
2500,20237
2500,12372
2500,14948
2500,27095
2500,17038
2500,33816
2500,21109
2500,15814
2500,27783
2500,16942
2500,17087
2500,20027
2500,7210
2500,17046
2500,38892
2500,33888
2500,17721
2500,9528
2500,27549
2500,38027
2500,17362
2500,14460
2500,25866
2500,23857
2500,10701
2500,11831
2500,23484
2500,29763
2500,24715
2500,10685
2500,25168
2500,38352
2500,14231
2500,23378
2500,28131
2500,10702
2500,25481
2500,23537
2500,43212
2500,31395
2500,9130
2500,12715
2500,25384
2500,20259
2500,12544
2500,40794
2500,13046
2500,20183
2500,29909
2500,31282
2500,31379
2500,40881
2500,30772
2500,38392
2500,20697
2500,38983
2500,11431
2500,38776
2500,9049
2500,20516
2500,24642
2500,13205
2500,20744
2500,22576
2500,25014
2500,28074
2500,20946
2500,38401
2500,21263
2500,9315
2500,21498
2500,25016
2500,21315
2500,29291
2500,21377
2500,25081
2500,21575
2500,28194
2500,21163
2500,38459
2500,21682
2500,22344
2500,21560
2500,21723
2500,22527
2500,13168
2500,21626
2500,21949
2500,15553
2500,34872
2500,13009
2500,21867
2500,20380
2500,22003
2500,8324
2500,23744
2500,46698
2500,23584
2500,42100
2500,29560
2500,22130
2500,29477
2500,35657
2500,43355
2500,27945
2500,22088
2500,4274
2500,23771
2500,14401
2500,22050
2500,14466
2500,25896
2500,3982
2500,23291
2500,4289
2500,18350
2500,4927
2500,13139
2500,5351
2500,19677
2500,12327
2500,11254
2500,26583
2500,13210
2500,33585
2500,13262
2500,33537
2500,31600
2500,33629
2500,14452
2500,34511
2500,14582
2500,26517
2500,43669
2500,27771
2500,41915
2500,16972
2500,14203
2500,14392
2500,17445
2500,14232
2500,14488
2500,17830
2500,32528
2500,14438
2500,19342
2500,43416
2500,14974
2500,35497
2500,13695
2500,41782
2500,16312
2500,32531
2500,16295
2500,12387
2500,11915
2500,15234
2500,41159
2500,15265
2500,43860
2500,14642
2500,45110
2500,43427
2500,43160
2500,30727
2500,14529
2500,32762
2500,14346
2500,38829
2500,42437
2500,14707
2500,27477
2500,32351
2500,12448
2500,17066
2500,14816
2500,16324
2500,28556
2500,43911
2500,36836
2500,28846
2500,5402
2500,17212
2500,43127
2500,30721
2500,16076
2500,12836
2500,42486
2500,15737
2500,14645
2500,33135
2500,43618
2500,44024
2500,11079
2500,15832
2500,41935
2500,16582
2500,40413
2500,32731
2500,13331
2500,43533
2500,17418
2500,13599
2500,42351
2500,12192
2500,42331
2500,31142
2500,19216
2500,16417
2500,13465
2500,17907
2500,43278
2500,42380
2500,14418
2500,43349
2500,44520
2500,13684
2500,15073
2500,13598
2500,42799
2500,13978
2500,42775
2500,9173
2500,42657
2500,14468
2500,16136
2500,14168
2500,13593
2500,42599
2500,41167
2500,16919
2500,13562
2500,16900
2500,19079
2500,16392
2500,14285
2500,44597
2500,21841
2500,16426
2500,21028
2500,41788
2500,20567
2500,21534
2500,44777
2500,22194
2500,20791
2500,21895
2500,44233
2500,21941
2500,21142
2500,11383
2500,13360
2500,12621
2500,14972
2500,42475
2500,15468
2500,30393
2500,21181
2500,14256
2500,12036
2500,17408
2500,41248
2500,12461
2500,36576
2500,13099
2500,14959
2500,18277
2500,11694
2500,12183
2500,12022
2500,35178
2500,43616
2500,7024
2500,30502
2500,34988
2500,13513
2500,7598
2500,40334
2500,12122
2500,11955
2500,40177
2500,7554
2500,12539
2500,12151
2500,41088
2500,35004
2500,35056
2500,8526
2500,7455
2500,8766
2500,8914
2500,7538
2500,6731
2500,7608
2500,35018
2500,35221
2500,8833
2500,9063
2500,7205
2500,35375
2500,35017
2500,7354
2500,7750
2500,7830
2500,7473
2500,8631
2500,7993
2500,7819
2500,35415
2500,9209
2500,7446
2500,35084
2500,35425
2500,35108
2500,7428
2500,34880
2500,34962
2500,35115
2500,8799
2500,21866
2500,9451
2500,22598
2500,8884
2500,34968
2500,35152
2500,14003
2500,35265
2500,14138
2500,21009
2500,31763
2500,6249
2500,14858
2500,20544
2500,7184
2500,14128
2500,21729
2500,35032
2500,44079
2500,8116
2500,21590
2500,8796
2500,42503
2500,35255
2500,8584
2500,8258
2500,19603
2500,8581
2500,43849
2500,35110
2500,14424
2500,25190
2500,34039
2500,8168
2500,14348
2500,35013
2500,43877
2500,35612
2500,34110
2500,34127
2500,34107
2500,34227
2500,33327
2500,34169
2500,33229
2500,8705
2500,9544
2500,34298
2500,14420
2500,17449
2500,17974
2500,6413
2500,17646
2500,2823
2500,1653
2500,4340
2500,3030
2500,6791
2500,3821
2500,7569
2500,4977
2500,1987
2500,27367
2500,1441
2500,5576
2500,4136
2500,3136
2500,3661
2500,3036
2500,574
2500,5094
2500,2428
2500,25633
2500,7672
2500,4080
2500,6263
2500,1326
2500,27436
2500,2864
2500,4705
2500,3334
2500,4398
2500,4204
2500,4404
2500,7500
2500,2091
2500,4715
2500,17528
2500,1703
2500,3603
2500,6172
2500,6812
2500,6368
2500,673
2500,3332
2500,2948
2500,26531
2500,2366
2500,782
2500,1644
2500,952
2500,6352
2500,3022
2500,4294
2500,3276
2500,2457
2500,4259
2500,3618
2500,26152
2500,3306
2500,18445
2500,26819
2500,870
2500,4975
2500,1423
2500,2336
2500,714
2500,9509
2500,3681
2500,6544
2500,5112
2500,5186
2500,10304
2500,19380
2500,9250
2500,5178
2500,11679
2500,1164
2500,6654
2500,3225
2500,15672
2500,16361
2500,2964
2500,13938
2500,6138
2500,12340
2500,5302
2500,12374
2500,5341
2500,16646
2500,12177
2500,14127
2500,3256
2500,12674
2500,12369
2500,16381
2500,12347
2500,11630
2500,28780
2500,9537
2500,15359
2500,29128
2500,9606
2500,9672
2500,32790
2500,11813
2500,26006
2500,33529
2500,13499
2500,17478
2500,12520
2500,17553
2500,12005
2500,7204
2500,2784
2500,8938
2500,4518
2500,1081
2500,3684
2500,5917
2500,4343
2500,2435
2500,950
2500,4520
2500,18741
2500,3338
2500,3481
2500,17109
2500,16916
2500,2173
2500,27691
2500,27755
2500,2169
2500,8556
2500,15624
2500,7342
2500,9772
2500,15760
2500,14965
2500,15437
2500,13042
2500,15419
2500,12128
2500,22739
2500,8068
2500,15706
2500,18808
2500,12202
2500,8064
2500,15867
2500,12358
2500,14282
2500,22841
2500,12206
2500,8068
2500,8765
2500,15984
2500,18191
2500,12457
2500,22508
2500,10313
2500,17889
2500,8180
2500,19050
2500,17457
2500,7978
2500,8094
2500,12709
2500,16018
2500,12556
2500,14282
2500,12440
2500,16185
2500,23340
2500,13250
2500,1143
2500,2042
2500,2009
2500,2168
2500,2410
2500,2040
2500,3734
2500,1994
2500,2942
2500,3834
2500,4358
2500,3642
2500,3960
2500,3849
2500,3266
2500,3607
2500,2218
2500,2138
2500,3582
2500,2265
2500,4036
2500,3814
2500,4150
2500,3769
2500,2106
2500,3217
2500,3715
2500,3198
2500,3188
2500,3197
2500,3777
2500,3221
2500,3780
2500,3883
2500,5121
2500,3893
2500,3724
2500,3897
2500,3915
2500,3895
2500,4939
2500,5262
2500,3901
2500,3909
2500,3540
2500,3533
2500,5261
2500,3554
2500,3516
2500,5084
2500,5021
2500,5382
2500,3529
2500,5361
2500,6113
2500,3545
2500,5390
2500,3549
2500,3943
2500,3963
2500,5089
2500,3701
2500,3203
2500,3654
2500,3658
2500,3691
2500,4940
2500,5560
2500,6283
2500,6266
2500,6434
2500,6410
2500,3511
2500,6677
2500,6499
2500,6560
2500,6642
2500,6494
2500,6432
2500,6718
2500,5369
2500,3591
2500,6726
2500,3573
2500,6043
2500,3510
2500,6494
2500,6368
2500,5329
2500,4471
2500,7610
2500,7719
2500,1522
2500,6330
2500,7212
2500,7202
2500,6600
2500,4567
2500,7248
2500,5358
2500,7729
2500,5393
2500,5400
2500,6958
2500,6924
2500,7719
2500,7556
2500,7399
2500,7529
2500,6886
2500,7043
2500,7675
2500,7678
2500,7616
2500,7643
2500,6972
2500,6542
2500,6551
2500,5318
2500,4582
2500,4477
2500,7939
2500,5431
2500,5571
2500,4589
2500,6868
2500,7915
2500,7726
2500,5659
2500,7621
2500,7954
2500,4477
2500,6920
2500,5546
2500,6937
2500,5606
2500,5665
2500,4597
2500,6662
2500,6386
2500,7658
2500,6465
2500,7697
2500,7965
2500,5057
2500,6624
2500,5771
2500,5779
2500,6700
2500,5741
2500,4920
2500,5071
2500,8524
2500,5456
2500,5485
2500,5491
2500,6362
2500,5497
2500,5622
2500,5629
2500,5553
2500,6990
2500,5521
2500,7444
2500,6392
2500,6778
2500,5452
2500,6715
2500,6789
2500,8602
2500,6316
2500,6279
2500,7944
2500,6086
2500,6837
2500,7779
2500,8794
2500,8720
2500,9117
2500,8730
2500,8375
2500,7557
2500,7396
2500,8539
2500,8301
2500,9100
2500,8734
2500,8654
2500,8076
2500,8790
2500,7438
2500,7493
2500,9004
2500,1218
2500,7450
2500,7291
2500,10537
2500,8700
2500,8832
2500,7699
2500,7794
2500,8743
2500,7557
2500,7749
2500,7455
2500,7796
2500,7404
2500,8669
2500,8238
2500,9253
2500,9493
2500,8741
2500,7540
2500,11413
2500,8646
2500,9450
2500,7527
2500,7460
2500,7710
2500,10032
2500,8408
2500,9125
2500,8628
2500,10063
2500,8450
2500,1810
2500,9421
2500,8715
2500,10564
2500,9505
2500,7736
2500,9785
2500,9166
2500,9441
2500,7734
2500,8562
2500,9076
2500,2339
2500,7675
2500,7613
2500,7619
2500,10656
2500,7468
2500,8204
2500,7400
2500,9088
2500,1514
2500,1540
2500,8606
2500,9416
2500,9424
2500,9444
2500,9390
2500,9450
2500,2140
2500,8503
2500,9427
2500,9370
2500,9173
2500,9872
2500,9478
2500,2230
2500,9605
2500,10331
2500,3050
2500,10527
2500,10632
2500,9802
2500,9546
2500,3190
2500,10322
2500,10342
2500,10609
2500,10560
2500,10705
2500,3224
2500,9631
2500,9610
2500,9615
2500,10322
2500,10264
2500,3052
2500,10742
2500,10679
2500,3163
2500,10672
2500,10735
2500,10309
2500,10698
2500,20073
2500,19477
2500,19800
2500,11396
2500,19890
2500,19471
2500,20055
2500,1199
2500,22214
2500,19271
2500,19611
2500,21988
2500,19366
2500,19397
2500,13608
2500,19369
2500,19980
2500,22015
2500,19451
2500,13234
2500,19471
2500,13243
2500,13874
2500,22118
2500,1851
2500,19810
2500,2453
2500,22090
2500,19426
2500,2717
2500,21933
2500,20483
2500,20857
2500,19448
2500,20491
2500,22129
2500,13847
2500,2623
2500,13373
2500,22033
2500,22002
2500,13383
2500,19953
2500,19967
2500,19776
2500,21536
2500,20476
2500,13831
2500,13688
2500,13779
2500,13630
2500,13770
2500,13756
2500,13713
2500,2057
2500,2006
2500,1743
2500,1895
2500,2689
2500,2700
2500,2425
2500,2614
2500,2660
2500,2634
2500,2678
2500,20464
2500,21877
2500,21838
2500,21800
2500,21583
2500,21915
2500,2567
2500,2641
2500,20492
2500,2691
2500,20997
2500,19890
2500,19977
2500,24673
2500,19950
2500,19948
2500,18863
2500,18872
2500,19509
2500,19507
2500,18866
2500,12953
2500,20156
2500,21841
2500,20217
2500,19601
2500,19855
2500,13208
2500,19639
2500,1020
2500,21883
2500,1054
2500,13794
2500,13215
2500,19900
2500,20307
2500,19953
2500,13212
2500,19974
2500,22326
2500,19977
2500,22294
2500,19982
2500,20692
2500,13928
2500,20156
2500,4820
2500,21449
2500,19600
2500,20054
2500,13653
2500,13080
2500,18842
2500,18857
2500,18865
2500,19232
2500,12987
2500,19371
2500,19186
2500,19442
2500,19274
2500,13247
2500,19434
2500,19284
2500,13259
2500,20228
2500,13296
2500,19490
2500,556
2500,19258
2500,20272
2500,13337
2500,20017
2500,19275
2500,20311
2500,19280
2500,14988
2500,20010
2500,22350
2500,1035
2500,5793
2500,22357
2500,5785
2500,19267
2500,20024
2500,5712
2500,19277
2500,2175
2500,1014
2500,1203
2500,1150
2500,5622
2500,5750
2500,1201
2500,5647
2500,1513
2500,19276
2500,19263
2500,19272
2500,23475
2500,21335
2500,15315
2500,22196
2500,14494
2500,21246
2500,1267
2500,13867
2500,688
2500,13855
2500,21840
2500,444
2500,22049
2500,21844
2500,22324
2500,13872
2500,22434
2500,13770
2500,22066
2500,22417
2500,21994
2500,22618
2500,21178
2500,13870
2500,22351
2500,22617
2500,22064
2500,22063
2500,13807
2500,21389
2500,14003
2500,22346
2500,22411
2500,21325
2500,22033
2500,22008
2500,13849
2500,21339
2500,22351
2500,21975
2500,14148
2500,21768
2500,14029
2500,14194
2500,13912
2500,20974
2500,21410
2500,22029
2500,22082
2500,14429
2500,14361
2500,22934
2500,14435
2500,14308
2500,14319
2500,20436
2500,14930
2500,20552
2500,21412
2500,13768
2500,21415
2500,21382
2500,23551
2500,14196
2500,21084
2500,1884
2500,7836
2500,7631
2500,7176
2500,7002
2500,7246
2500,5921
2500,5903
2500,7089
2500,7950
2500,5719
2500,7153
2500,7279
2500,7424
2500,2878
2500,3612
2500,2971
2500,7182
2500,6129
2500,3722
2500,3984
2500,3148
2500,3535
2500,3830
2500,2984
2500,3746
2500,3657
2500,3064
2500,3812
2500,4350
2500,3085
2500,2593
2500,4339
2500,3948
2500,4330
2500,3315
2500,3981
2500,3782
2500,3879
2500,4590
2500,3418
2500,4504
2500,4785
2500,3938
2500,3236
2500,4710
2500,3846
2500,4800
2500,3741
2500,4591
2500,4374
2500,4127
2500,3420
2500,4899
2500,4190
2500,4079
2500,3182
2500,3965
2500,4899
2500,6613
2500,3989
2500,4371
2500,4086
2500,4433
2500,4903
2500,4116
2500,3982
2500,3703
2500,4377
2500,4893
2500,5717
2500,5149
2500,3980
2500,3359
2500,4921
2500,5565
2500,3937
2500,3829
2500,5801
2500,4972
2500,3306
2500,3486
2500,3885
2500,5116
2500,3349
2500,3382
2500,5817
2500,5863
2500,635
2500,485
2500,3234
2500,612
2500,1134
2500,4971
2500,3887
2500,674
2500,5430
2500,332
2500,7718
2500,6895
2500,6758
2500,1150
2500,7755
2500,7653
2500,6820
2500,1623
2500,7338
2500,6842
2500,2279
2500,1915
2500,6449
2500,1656
2500,5285
2500,7635
2500,1350
2500,1758
2500,5325
2500,1794
2500,8020
2500,1381
2500,7099
2500,7995
2500,6321
2500,5241
2500,6301
2500,1487
2500,7142
2500,1311
2500,6393
2500,7007
2500,7369
2500,7462
2500,7527
2500,13174
2500,12086
2500,5719
2500,6297
2500,9893
2500,10398
2500,4514
2500,3580
2500,5946
2500,5588
2500,13400
2500,6426
2500,4992
2500,6011
2500,6033
2500,4600
2500,10245
2500,12172
2500,6520
2500,6449
2500,13217
2500,11986
2500,5882
2500,5965
2500,10297
2500,4470
2500,6519
2500,4683
2500,10338
2500,6560
2500,6573
2500,7553
2500,6240
2500,5037
2500,12833
2500,6519
2500,12653
2500,7938
2500,12378
2500,13303
2500,12301
2500,12524
2500,6479
2500,6316
2500,12569
2500,7534
2500,12849
2500,6949
2500,7528
2500,9686
2500,7376
2500,17890
2500,8757
2500,7367
2500,8217
2500,8874
2500,8066
2500,8910
2500,8229
2500,9619
2500,7198
2500,8339
2500,9558
2500,19512
2500,8864
2500,9544
2500,8273
2500,8935
2500,19208
2500,8300
2500,9623
2500,7488
2500,9780
2500,9731
2500,20297
2500,8268
2500,8339
2500,8017
2500,9771
2500,9796
2500,8254
2500,7674
2500,13973
2500,12045
2500,9146
2500,11937
2500,12016
2500,9940
2500,12011
2500,23652
2500,14941
2500,12190
2500,12389
2500,16790
2500,17359
2500,16186
2500,15757
2500,21335
2500,14590
2500,13311
2500,13181
2500,16323
2500,13400
2500,15954
2500,24753
2500,12351
2500,12535
2500,16830
2500,16199
2500,16544
2500,18012
2500,23170
2500,15891
2500,23996
2500,12086
2500,12854
2500,12130
2500,17323
2500,15960
2500,16368
2500,14846
2500,15991
2500,12916
2500,15934
2500,24832
2500,17513
2500,12450
2500,17791
2500,16909
2500,17923
2500,23270
2500,16387
2500,13006
2500,12703
2500,18518
2500,18271
2500,24147
2500,18012
2500,18131
2500,18515
2500,18403
2500,17882
2500,24157
2500,24224
2500,24131
2500,18248
2500,14116
2500,24285
2500,18422
2500,23893
2500,24269
2500,17827
2500,18551
2500,18321
2500,24465
2500,18442
2500,24088
2500,17972
2500,24353
2500,18131
2500,24113
2500,17901
2500,17798
2500,24240
2500,23961
2500,26834
2500,24205
2500,18471
2500,24195
2500,18337
2500,18375
2500,24377
2500,24490
2500,24217
2500,24293
2500,18499
2500,24470
2500,17132
2500,16388
2500,24083
2500,12505
2500,16482
2500,13073
2500,14808
2500,16543
2500,23347
2500,24938
2500,24897
2500,24155
2500,16493
2500,24147
2500,15120
2500,16574
2500,24747
2500,24173
2500,17071
2500,24767
2500,15066
2500,24470
2500,24180
2500,24009
2500,15277
2500,24188
2500,16392
2500,15275
2500,16613
2500,17150
2500,16703
2500,15366
2500,16889
2500,15413
2500,16490
2500,17262
2500,19541
2500,15196
2500,15486
2500,21890
2500,16962
2500,16952
2500,22838
2500,24494
2500,22741
2500,22974
2500,23903
2500,34470
2500,34879
2500,24895
2500,22887
2500,23162
2500,22733
2500,35064
2500,23292
2500,32779
2500,32911
2500,24535
2500,22988
2500,28338
2500,22432
2500,22706
2500,24721
2500,32293
2500,17099
2500,32498
2500,28388
2500,17136
2500,23962
2500,24883
2500,25036
2500,32182
2500,24634
2500,34038
2500,24942
2500,34554
2500,24118
2500,24194
2500,24979
2500,24358
2500,24933
2500,18096
2500,23838
2500,23936
2500,24249
2500,24612
2500,33402
2500,25424
2500,25508
2500,36574
2500,28332
2500,24238
2500,26445
2500,24236
2500,26409
2500,26117
2500,33918
2500,36144
2500,26521
2500,34956
2500,36533
2500,36276
2500,25268
2500,24443
2500,17934
2500,24068
2500,24947
2500,24249
2500,25295
2500,24955
2500,34899
2500,35041
2500,24433
2500,17144
2500,26410
2500,16658
2500,26480
2500,17344
2500,26589
2500,25559
2500,17336
2500,36228
2500,25579
2500,18010
2500,26424
2500,26418
2500,34559
2500,9140
2500,26849
2500,24986
2500,26278
2500,8624
2500,26349
2500,18150
2500,9809
2500,18341
2500,18513
2500,18386
2500,14228
2500,25011
2500,13819
2500,18301
2500,9837
2500,14712
2500,13619
2500,12681
2500,13682
2500,14229
2500,25789
2500,25056
2500,25228
2500,24954
2500,17143
2500,35381
2500,14221
2500,25609
2500,14604
2500,23543
2500,24987
2500,13606
2500,14450
2500,36893
2500,34330
2500,15187
2500,33589
2500,19480
2500,26502
2500,18986
2500,34039
2500,25848
2500,35389
2500,34641
2500,26542
2500,36552
2500,26066
2500,35102
2500,14552
2500,26594
2500,30512
2500,14509
2500,26479
2500,14450
2500,18046
2500,26604
2500,14266
2500,30639
2500,30895
2500,14390
2500,34984
2500,25944
2500,25944
2500,26492
2500,27012
2500,30766
2500,37259
2500,33524
2500,35169
2500,17332
2500,25951
2500,15238
2500,24268
2500,30739
2500,36958
2500,25540
2500,24982
2500,18086
2500,26764
2500,33549
2500,30910
2500,15639
2500,37303
2500,25854
2500,34226
2500,24744
2500,33441
2500,17319
2500,30921
2500,29117
2500,26902
2500,19451
2500,35038
2500,17628
2500,34117
2500,25504
2500,17366
2500,18134
2500,26917
2500,12789
2500,18277
2500,25428
2500,25076
2500,35880
2500,18004
2500,35097
2500,12684
2500,15770
2500,25437
2500,26925
2500,12951
2500,18358
2500,26851
2500,34891
2500,18005
2500,14553
2500,25409
2500,37162
2500,18405
2500,35335
2500,12747
2500,18759
2500,15238
2500,26886
2500,35891
2500,25235
2500,6496
2500,25401
2500,35040
2500,27180
2500,12970
2500,11443
2500,35065
2500,30385
2500,10880
2500,35091
2500,25375
2500,19428
2500,17849
2500,13298
2500,14496
2500,15111
2500,18184
2500,26974
2500,17932
2500,15215
2500,14875
2500,35446
2500,36446
2500,35038
2500,25630
2500,14904
2500,36651
2500,26540
2500,14335
2500,27302
2500,13721
2500,25328
2500,18202
2500,27402
2500,14911
2500,25342
2500,13695
2500,29228
2500,24170
2500,26972
2500,13507
2500,26593
2500,24793
2500,26963
2500,25504
2500,26976
2500,35210
2500,25616
2500,26502
2500,25478
2500,36574
2500,18362
2500,25903
2500,24840
2500,14070
2500,28506
2500,13068
2500,24836
2500,11625
2500,25550
2500,9042
2500,13476
2500,8447
2500,27262
2500,9035
2500,12325
2500,28549
2500,6533
2500,26892
2500,12334
2500,9070
2500,13074
2500,11290
2500,13511
2500,11089
2500,16271
2500,12001
2500,36870
2500,11720
2500,10421
2500,16915
2500,28311
2500,9898
2500,27143
2500,27098
2500,10892
2500,15129
2500,11827
2500,10868
2500,13437
2500,13224
2500,9767
2500,15991
2500,11212
2500,11390
2500,12775
2500,11850
2500,12325
2500,10165
2500,17178
2500,11277
2500,11422
2500,16021
2500,16356
2500,13510
2500,14367
2500,12478
2500,9447
2500,7560
2500,17116
2500,10055
2500,11713
2500,8325
2500,11324
2500,13531
2500,11974
2500,9554
2500,10281
2500,10664
2500,13421
2500,10524
2500,13463
2500,12131
2500,9796
2500,12093
2500,24919
2500,13848
2500,8558
2500,25170
2500,9791
2500,10764
2500,27118
2500,14090
2500,12519
2500,27263
2500,12353
2500,17420
2500,37205
2500,20618
2500,10524
2500,25676
2500,10275
2500,27149
2500,11958
2500,25210
2500,12557
2500,25516
2500,13896
2500,27257
2500,10092
2500,26916
2500,10973
2500,26489
2500,12492
2500,26909
2500,13520
2500,27265
2500,9664
2500,10850
2500,13306
2500,9558
2500,30790
2500,27275
2500,27136
2500,11104
2500,25086
2500,11051
2500,26312
2500,12471
2500,25619
2500,18721
2500,26388
2500,10989
2500,12093
2500,26460
2500,12960
2500,25101
2500,26361
2500,34780
2500,25104
2500,9816
2500,15790
2500,36756
2500,9904
2500,8713
2500,25040
2500,15133
2500,27328
2500,14058
2500,13211
2500,27176
2500,13913
2500,13471
2500,14256
2500,25679
2500,14727
2500,19671
2500,17850
2500,27001
2500,12060
2500,10548
2500,25546
2500,12279
2500,26222
2500,12198
2500,12076
2500,12218
2500,25928
2500,10593
2500,5108
2500,13806
2500,13021
2500,10016
2500,33662
2500,15665
2500,10782
2500,33550
2500,15714
2500,26146
2500,28363
2500,12276
2500,11631
2500,15372
2500,16825
2500,25139
2500,10124
2500,13217
2500,13295
2500,17106
2500,27994
2500,12268
2500,13300
2500,12245
2500,15052
2500,25270
2500,14424
2500,14791
2500,16722
2500,34859
2500,16634
2500,26138
2500,14753
2500,33571
2500,17574
2500,25476
2500,13424
2500,13705
2500,14981
2500,21017
2500,10598
2500,15054
2500,15047
2500,21043
2500,11002
2500,14757
2500,28261
2500,15927
2500,21053
2500,15915
2500,12108
2500,7552
2500,12096
2500,8673
2500,9756
2500,5941
2500,16487
2500,28298
2500,14837
2500,28314
2500,16074
2500,14578
2500,15147
2500,13094
2500,14847
2500,28328
2500,9711
2500,14692
2500,7906
2500,13328
2500,6199
2500,25538
2500,10937
2500,10449
2500,11368
2500,17986
2500,12685
2500,14396
2500,14411
2500,13698
2500,17688
2500,7182
2500,18106
2500,34636
2500,11968
2500,12846
2500,26302
2500,10953
2500,7535
2500,9497
2500,12257
2500,11164
2500,25241
2500,12706
2500,12975
2500,25282
2500,11006
2500,11870
2500,13574
2500,8956
2500,11151
2500,16910
2500,11475
2500,25318
2500,16073
2500,13645
2500,12357
2500,13574
2500,15154
2500,16873
2500,24272
2500,9032
2500,12825
2500,25769
2500,11670
2500,11917
2500,13651
2500,9108
2500,24938
2500,12253
2500,8584
2500,9812
2500,25931
2500,23376
2500,25385
2500,11080
2500,25827
2500,13438
2500,11519
2500,26553
2500,26729
2500,15264
2500,7788
2500,26566
2500,7939
2500,15759
2500,11709
2500,36157
2500,10969
2500,5622
2500,10755
2500,13032
2500,17236
2500,12709
2500,7730
2500,25755
2500,14934
2500,12895
2500,12235
2500,19473
2500,16652
2500,12410
2500,11731
2500,23698
2500,26707
2500,11544
2500,10722
2500,16924
2500,34386
2500,7096
2500,16723
2500,23729
2500,25853
2500,14552
2500,13766
2500,10831
2500,37314
2500,14116
2500,9480
2500,14530
2500,13765
2500,15215
2500,7269
2500,6870
2500,14994
2500,14438
2500,20888
2500,13572
2500,9523
2500,9144
2500,14626
2500,10908
2500,17381
2500,7613
2500,13175
2500,25315
2500,17804
2500,7600
2500,5766
2500,17342
2500,14726
2500,11055
2500,8865
2500,13924
2500,11438
2500,12527
2500,10144
2500,12025
2500,16283
2500,13791
2500,17751
2500,6413
2500,16095
2500,18027
2500,18329
2500,15152
2500,11574
2500,20568
2500,9124
2500,14860
2500,10711
2500,5952
2500,16633
2500,24099
2500,17935
2500,6813
2500,17988
2500,14896
2500,12325
2500,17102
2500,18510
2500,13152
2500,13379
2500,9454
2500,11670
2500,17877
2500,14137
2500,15373
2500,13246
2500,16900
2500,7756
2500,16575
2500,8738
2500,13447
2500,11212
2500,16236
2500,12152
2500,10449
2500,11834
2500,6707
2500,13279
2500,16141
2500,13612
2500,11109
2500,16051
2500,12354
2500,14427
2500,12200
2500,20300
2500,21407
2500,17163
2500,17020
2500,12018
2500,10914
2500,13622
2500,11461
2500,11358
2500,15792
2500,16388
2500,11740
2500,15266
2500,17285
2500,14982
2500,14577
2500,17614
2500,23656
2500,17646
2500,10712
2500,7339
2500,20933
2500,15513
2500,13685
2500,7205
2500,15385
2500,21919
2500,8965
2500,9571
2500,17684
2500,10766
2500,8609
2500,7909
2500,13303
2500,9773
2500,7949
2500,10586
2500,10762
2500,7570
2500,7305
2500,12543
2500,13088
2500,14326
2500,8969
2500,14211
2500,13685
2500,12152
2500,14760
2500,7670
2500,9210
2500,9685
2500,5978
2500,12762
2500,14356
2500,16505
2500,16440
2500,17310
2500,17041
2500,23971
2500,12846
2500,25360
2500,15562
2500,11066
2500,16356
2500,12935
2500,11199
2500,10275
2500,17713
2500,11180
2500,16004
2500,14322
2500,13540
2500,7726
2500,13381
2500,12256
2500,6391
2500,15779
2500,11937
2500,12981
2500,10339
2500,11062
2500,12379
2500,11739
2500,15589
2500,12606
2500,13423
2500,13468
2500,19304
2500,11649
2500,7656
2500,11751
2500,19376
2500,11114
2500,8659
2500,13498
2500,11268
2500,8888
2500,12148
2500,12530
2500,11697
2500,12832
2500,11590
2500,11798
2500,13161
2500,12175
2500,11383
2500,8189
2500,6095
2500,14810
2500,11295
2500,16655
2500,16731
2500,11238
2500,20904
2500,12097
2500,20984
2500,15897
2500,13892
2500,4852
2500,8269
2500,15992
2500,7351
2500,13300
2500,11623
2500,13080
2500,5957
2500,12789
2500,14784
2500,15459
2500,4668
2500,11442
2500,6443
2500,12237
2500,8903
2500,21152
2500,8603
2500,8336
2500,12136
2500,12349
2500,10975
2500,10251
2500,13146
2500,8743
2500,13694
2500,14309
2500,8036
2500,17197
2500,9254
2500,18541
2500,8573
2500,13189
2500,18649
2500,13020
2500,6513
2500,15518
2500,13954
2500,7971
2500,10757
2500,11567
2500,11773
2500,12913
2500,27102
2500,8070
2500,13429
2500,37305
2500,7404
2500,25779
2500,9685
2500,25907
2500,13560
2500,13412
2500,17028
2500,15231
2500,16705
2500,9264
2500,18186
2500,9693
2500,8637
2500,18333
2500,8822
2500,13458
2500,8559
2500,9745
2500,9986
2500,14650
2500,9412
2500,21944
2500,15263
2500,12565
2500,10381
2500,12601
2500,6359
2500,16320
2500,8289
2500,11849
2500,18340
2500,20676
2500,13969
2500,12003
2500,18454
2500,18608
2500,11836
2500,10079
2500,18377
2500,12906
2500,21043
2500,18041
2500,12271
2500,4984
2500,18189
2500,12498
2500,11775
2500,10360
2500,6732
2500,6746
2500,15497
2500,12232
2500,16880
2500,11967
2500,12764
2500,8371
2500,7859
2500,12045
2500,7916
2500,9835
2500,13143
2500,16190
2500,12059
2500,12190
2500,8837
2500,17649
2500,13911
2500,16979
2500,14201
2500,12116
2500,13121
2500,9059
2500,16945
2500,8183
2500,21218
2500,20329
2500,11985
2500,6474
2500,8703
2500,8391
2500,12100
2500,11192
2500,12240
2500,18243
2500,15453
2500,17311
2500,17126
2500,6733
2500,18309
2500,6725
2500,10129
2500,14541
2500,14919
2500,16781
2500,22197
2500,11070
2500,12682
2500,13245
2500,15919
2500,14741
2500,6629
2500,8830
2500,14207
2500,13270
2500,10395
2500,8996
2500,13121
2500,9507
2500,12880
2500,21447
2500,20893
2500,37124
2500,34608
2500,35309
2500,27890
2500,11237
2500,12667
2500,7494
2500,30389
2500,9264
2500,29437
2500,12330
2500,28297
2500,13154
2500,17422
2500,15313
2500,19567
2500,30856
2500,12347
2500,18427
2500,11566
2500,34622
2500,21420
2500,29771
2500,12178
2500,28311
2500,15621
2500,13470
2500,29634
2500,15131
2500,29611
2500,10598
2500,6746
2500,26481
2500,15767
2500,13087
2500,10807
2500,12936
2500,6821
2500,18152
2500,15298
2500,12314
2500,15272
2500,10253
2500,7276
2500,23470
2500,15455
2500,25003
2500,35470
2500,11679
2500,25521
2500,9745
2500,25818
2500,16230
2500,8499
2500,12866
2500,12304
2500,12165
2500,11977
2500,23711
2500,11987
2500,17139
2500,12019
2500,17187
2500,11959
2500,20324
2500,18955
2500,20629
2500,12503
2500,11376
2500,11357
2500,14685
2500,17255
2500,12525
2500,20890
2500,12598
2500,12526
2500,12232
2500,14771
2500,22517
2500,24123
2500,13294
2500,16154
2500,18248
2500,13333
2500,13356
2500,18317
2500,14408
2500,14495
2500,18347
2500,13501
2500,13583
2500,23155
2500,20717
2500,12271
2500,20827
2500,12227
2500,17210
2500,16961
2500,10127
2500,18293
2500,13004
2500,11661
2500,18069
2500,11305
2500,10069
2500,13084
2500,5998
2500,9497
2500,7947
2500,11229
2500,14538
2500,12464
2500,18358
2500,6257
2500,15411
2500,11855
2500,8221
2500,10278
2500,18281
2500,11304
2500,13924
2500,15436
2500,15335
2500,16199
2500,6713
2500,13326
2500,11577
2500,16497
2500,13593
2500,12472
2500,15770
2500,15660
2500,7013
2500,11693
2500,13990
2500,26439
2500,15919
2500,8338
2500,9922
2500,18485
2500,11877
2500,9995
2500,26431
2500,15881
2500,26585
2500,7280
2500,20981
2500,16184
2500,19355
2500,12773
2500,13354
2500,13118
2500,11989
2500,12440
2500,13625
2500,16248
2500,12734
2500,12827
2500,12849
2500,20059
2500,15139
2500,21109
2500,14133
2500,23219
2500,20344
2500,16953
2500,16113
2500,13670
2500,7337
2500,47874
2500,18996
2500,18695
2500,20579
2500,20892
2500,11843
2500,8123
2500,17820
2500,13054
2500,6258
2500,13055
2500,15950
2500,18083
2500,21590
2500,12974
2500,13044
2500,12725
2500,23193
2500,18163
2500,14108
2500,15149
2500,20128
2500,26572
2500,13928
2500,18797
2500,14037
2500,18900
2500,21128
2500,21412
2500,18971
2500,18949
2500,14082
2500,14174
2500,18999
2500,13314
2500,12292
2500,11679
2500,17331
2500,18332
2500,17897
2500,14165
2500,17986
2500,18977
2500,14102
2500,13157
2500,12719
2500,13875
2500,17939
2500,18046
2500,17800
2500,18078
2500,14199
2500,18012
2500,14215
2500,18083
2500,18014
2500,18056
2500,15405
2500,16880
2500,21194
2500,19314
2500,12330
2500,8659
2500,11866
2500,14018
2500,16978
2500,10561
2500,14029
2500,11656
2500,11973
2500,13408
2500,15537
2500,11758
2500,5941
2500,20448
2500,14966
2500,11772
2500,17742
2500,9126
2500,11895
2500,15600
2500,14761
2500,18022
2500,12975
2500,15361
2500,21136
2500,18431
2500,18720
2500,16596
2500,22808
2500,8754
2500,14330
2500,22169
2500,8703
2500,12854
2500,16740
2500,12917
2500,8717
2500,19982
2500,12147
2500,7744
2500,16241
2500,21453
2500,14186
2500,8845
2500,12994
2500,20374
2500,13586
2500,17390
2500,12647
2500,14805
2500,13564
2500,20497
2500,19859
2500,16370
2500,12614
2500,18770
2500,24820
2500,14209
2500,22429
2500,15456
2500,24444
2500,12122
2500,16227
2500,24921
2500,14217
2500,16413
2500,17005
2500,21974
2500,21564
2500,19481
2500,12382
2500,13283
2500,16663
2500,13267
2500,20994
2500,29035
2500,22506
2500,23472
2500,30479
2500,37715
2500,27116
2500,20735
2500,27178
2500,30518
2500,24283
2500,23868
2500,30870
2500,19312
2500,22450
2500,23963
2500,24875
2500,26773
2500,22190
2500,21372
2500,29975
2500,24871
2500,30365
2500,29504
2500,27794
2500,30338
2500,22282
2500,30006
2500,24024
2500,20265
2500,30565
2500,27517
2500,28149
2500,21670
2500,26649
2500,29999
2500,22314
2500,31827
2500,20583
2500,28696
2500,28200
2500,24206
2500,21580
2500,25748
2500,31108
2500,30028
2500,29391
2500,30327
2500,23662
2500,24334
2500,20498
2500,27130
2500,29754
2500,26247
2500,27119
2500,21509
2500,24851
2500,26842
2500,27147
2500,26271
2500,28965
2500,22244
2500,30171
2500,30721
2500,29545
2500,25184
2500,24669
2500,28935
2500,30819
2500,22241
2500,29097
2500,25038
2500,28691
2500,25307
2500,28656
2500,22280
2500,23407
2500,30642
2500,18838
2500,25716
2500,29420
2500,24774
2500,27465
2500,31111
2500,28493
2500,18502
2500,17838
2500,24576
2500,29952
2500,19692
2500,29214
2500,17891
2500,22819
2500,36166
2500,17926
2500,27682
2500,17891
2500,25152
2500,27858
2500,17862
2500,17850
2500,17960
2500,29524
2500,18017
2500,22832
2500,30231
2500,30468
2500,29879
2500,21530
2500,29863
2500,28910
2500,25021
2500,30719
2500,28258
2500,23033
2500,30750
2500,18450
2500,23816
2500,28450
2500,29918
2500,29310
2500,31718
2500,29267
2500,27099
2500,30058
2500,24531
2500,29274
2500,29372
2500,28989
2500,30880
2500,35770
2500,30824
2500,25094
2500,30375
2500,29508
2500,26979
2500,30052
2500,27312
2500,28475
2500,25969
2500,17759
2500,30590
2500,29573
2500,28590
2500,29613
2500,29466
2500,27198
2500,29630
2500,26252
2500,30682
2500,26079
2500,27245
2500,29518
2500,22418
2500,27104
2500,22784
2500,30179
2500,24273
2500,26652
2500,29508
2500,22774
2500,24638
2500,27816
2500,23914
2500,30955
2500,27465
2500,19768
2500,22845
2500,30442
2500,35530
2500,27398
2500,20392
2500,25174
2500,30171
2500,30249
2500,27841
2500,29194
2500,28939
2500,17778
2500,17831
2500,22707
2500,29530
2500,22558
2500,17798
2500,27071
2500,30533
2500,25544
2500,30675
2500,35875
2500,31077
2500,17891
2500,22131
2500,35631
2500,23966
2500,17773
2500,17865
2500,17949
2500,17798
2500,26447
2500,17811
2500,20521
2500,29315
2500,27070
2500,19649
2500,28783
2500,29875
2500,22466
2500,24110
2500,24946
2500,29040
2500,29811
2500,23674
2500,20225
2500,26666
2500,23535
2500,24732
2500,29688
2500,30233
2500,19023
2500,27566
2500,23545
2500,25922
2500,27520
2500,21587
2500,20547
2500,23111
2500,25021
2500,22573
2500,25016
2500,23670
2500,27280
2500,29261
2500,29829
2500,26154
2500,26867
2500,30293
2500,27856
2500,29882
2500,30469
2500,19326
2500,27096
2500,20586
2500,25831
2500,21946
2500,17490
2500,22457
2500,27065
2500,19120
2500,29832
2500,27176
2500,26952
2500,29362
2500,27000
2500,24854
2500,24335
2500,19556
2500,20652
2500,27971
2500,29405
2500,28603
2500,29905
2500,30633
2500,26825
2500,26358
2500,30211
2500,29112
2500,23697
2500,28921
2500,30370
2500,29259
2500,30162
2500,30236
2500,29870
2500,29194
2500,28952
2500,30399
2500,30277
2500,29059
2500,30621
2500,29702
2500,28784
2500,29882
2500,29231
2500,24268
2500,25595
2500,29147
2500,22697
2500,23219
2500,24018
2500,24111
2500,29687
2500,30864
2500,20510
2500,22624
2500,28677
2500,29415
2500,23324
2500,23697
2500,24729
2500,25040
2500,23331
2500,30252
2500,29525
2500,23229
2500,28663
2500,25736
2500,24335
2500,28878
2500,23753
2500,22688
2500,29489
2500,28568
2500,24182
2500,23363
2500,29453
2500,23410
2500,23778
2500,29016
2500,24775
2500,23289
2500,28800
2500,28916
2500,29055
2500,31095
2500,22695
2500,23310
2500,25938
2500,28799
2500,25892
2500,28797
2500,29741
2500,22833
2500,29626
2500,28445
2500,25938
2500,25186
2500,22879
2500,29099
2500,30492
2500,28564
2500,29704
2500,30037
2500,23427
2500,25651
2500,29161
2500,25576
2500,24501
2500,25601
2500,19405
2500,29107
2500,22961
2500,26020
2500,27887
2500,24538
2500,23446
2500,28561
2500,30173
2500,23083
2500,25114
2500,20853
2500,23099
2500,25555
2500,19443
2500,29367
2500,29211
2500,29110
2500,25946
2500,30903
2500,26179
2500,30036
2500,29485
2500,37461
2500,26268
2500,25188
2500,30368
2500,20253
2500,22591
2500,23655
2500,28699
2500,28442
2500,28565
2500,4764
2500,4814
2500,4973
2500,235
2500,1312
2500,380
2500,1464
2500,1280
2500,813
2500,1155
2500,1272
2500,797
2500,820
2500,2343
2500,1298
2500,424
2500,543
2500,2283
2500,863
2500,444
2500,2623
2500,557
2500,932
2500,525
2500,2613
2500,330
2500,884
2500,2234
2500,695
2500,343
2500,2324
2500,1082
2500,547
2500,625
2500,2628
2500,663
2500,828
2500,751
2500,2671
2500,1034
2500,863
2500,2339
2500,638
2500,1043
2500,2764
2500,1992
2500,759
2500,1062
2500,2482
2500,979
2500,1138
2500,2730
2500,746
2500,1027
2500,2248
2500,792
2500,389
2500,692
2500,2450
2500,1732
2500,2526
2500,692
2500,2279
2500,2280
2500,1941
2500,2409
2500,684
2500,723
2500,2267
2500,1236
2500,818
2500,2775
2500,3806
2500,896
2500,1189
2500,2348
2500,1948
2500,1587
2500,3805
2500,3491
2500,1733
2500,1570
2500,3776
2500,4120
2500,1810
2500,951
2500,3359
2500,1716
2500,1771
2500,1612
2500,3423
2500,1836
2500,2533
2500,1694
2500,3385
2500,2785
2500,853
2500,3455
2500,1721
2500,4729
2500,3377
2500,3763
2500,1719
2500,3251
2500,3962
2500,3446
2500,1189
2500,690
2500,4142
2500,4120
2500,2997
2500,3905
2500,3169
2500,2758
2500,4971
2500,2835
2500,3472
2500,3162
2500,2812
2500,453
2500,443
2500,5149
2500,4203
2500,4660
2500,386
2500,4665
2500,324
2500,4215
2500,306
2500,4418
2500,292
2500,4585
2500,383
2500,3702
2500,850
2500,473
2500,619
2500,457
2500,460
2500,475
2500,637
2500,615
2500,607
2500,681
2500,593
2500,1567
2500,1573
2500,443
2500,545
2500,1712
2500,3014
2500,1104
2500,1140
2500,390
2500,2904
2500,3079
2500,2939
2500,3110
2500,1501
2500,1584
2500,1182
2500,2913
2500,1550
2500,3173
2500,1324
2500,3167
2500,1920
2500,3117
2500,3269
2500,1566
2500,1964
2500,2901
2500,1947
2500,3050
2500,2960
2500,3757
2500,3839
2500,2936
2500,1798
2500,3815
2500,3970
2500,3285
2500,3572
2500,4129
2500,4144
2500,3124
2500,3726
2500,3937
2500,2662
2500,3109
2500,5167
2500,3670
2500,3826
2500,3224
2500,2585
2500,255
2500,3156
2500,669
2500,1577
2500,847
2500,3358
2500,3279
2500,246
2500,3198
2500,4628
2500,4401
2500,3691
2500,3072
2500,2781
2500,4270
2500,1031
2500,1172
2500,500
2500,1014
2500,316
2500,488
2500,298
2500,1001
2500,1078
2500,334
2500,1057
2500,367
2500,899
2500,509
2500,899
2500,526
2500,909
2500,696
2500,3671
2500,517
2500,2979
2500,904
2500,709
2500,490
2500,881
2500,907
2500,696
2500,4271
2500,527
2500,4891
2500,4264
2500,2770
2500,4790
2500,522
2500,889
2500,3900
2500,4239
2500,771
2500,666
2500,1711
2500,913
2500,2766
2500,2274
2500,2491
2500,773
2500,1599
2500,1642
2500,1588
2500,2170
2500,3157
2500,4809
2500,3310
2500,397
2500,559
2500,765
2500,1228
2500,1340
2500,1202
2500,2197
2500,2260
2500,2597
2500,2356
2500,2551
2500,2658
2500,2741
2500,2788
2500,3335
2500,301
2500,2727
2500,342
2500,2734
2500,2719
2500,2720
2500,2789
2500,419
2500,3495
2500,3670
2500,4184
2500,463
2500,5139
2500,1079
2500,4745
2500,988
2500,565
2500,653
2500,713
2500,2063
2500,3869
2500,2090
2500,940
2500,373
2500,903
2500,3892
2500,247
2500,803
2500,1470
2500,1951
2500,1326
2500,1937
2500,3091
2500,1007
2500,4036
2500,1615
2500,2010
2500,4082
2500,1853
2500,4028
2500,3699
2500,3700
2500,3255
2500,1612
2500,3674
2500,2924
2500,1810
2500,4078
2500,3957
2500,1593
2500,3084
2500,3307
2500,1580
2500,3036
2500,1768
2500,3300
2500,4131
2500,1819
2500,4340
2500,3891
2500,3239
2500,1861
2500,3249
2500,2301
2500,2403
2500,1790
2500,3969
2500,3916
2500,2133
2500,1777
2500,3205
2500,2512
2500,3638
2500,1749
2500,2131
2500,2332
2500,3956
2500,3556
2500,2434
2500,2743
2500,3905
2500,2400
2500,3850
2500,3851
2500,2305
2500,3298
2500,4057
2500,2334
2500,1743
2500,2565
2500,1457
2500,2090
2500,2405
2500,1919
2500,2071
2500,2222
2500,1885
2500,2861
2500,1990
2500,2555
2500,1687
2500,1543
2500,2959
2500,1770
2500,3975
2500,830
2500,2425
2500,1680
2500,2052
2500,659
2500,806
2500,3406
2500,1958
2500,1641
2500,4297
2500,1920
2500,1859
2500,1687
2500,4317
2500,824
2500,673
2500,1623
2500,2448
2500,1743
2500,2813
2500,3273
2500,2363
2500,1848
2500,1723
2500,3614
2500,1920
2500,721
2500,4095
2500,1834
2500,1905
2500,3626
2500,2916
2500,4121
2500,4108
2500,3753
2500,4078
2500,2285
2500,4026
2500,4035
2500,4368
2500,4086
2500,2196
2500,3815
2500,2303
2500,2998
2500,1146
2500,2341
2500,4068
2500,2607
2500,3337
2500,2202
2500,981
2500,1225
2500,1489
2500,757
2500,916
2500,1377
2500,793
2500,954
2500,741
2500,1022
2500,1097
2500,1505
2500,1141
2500,3749
2500,1581
2500,861
2500,1019
2500,1579
2500,943
2500,1372
2500,1044
2500,1413
2500,684
2500,941
2500,586
2500,740
2500,743
2500,1261
2500,1637
2500,2307
2500,764
2500,1447
2500,2448
2500,511
2500,1535
2500,871
2500,1515
2500,934
2500,1222
2500,4109
2500,3718
2500,1478
2500,3882
2500,1098
2500,980
2500,4262
2500,3718
2500,1159
2500,1144
2500,3911
2500,1222
2500,4114
2500,3967
2500,1079
2500,4191
2500,1303
2500,1345
2500,1271
2500,1199
2500,1391
2500,2007
2500,2830
2500,2659
2500,2625
2500,2616
2500,849
2500,1391
2500,880
2500,1092
2500,2627
2500,5273
2500,310
2500,2184
2500,3578
2500,509
2500,389
2500,3609
2500,2179
2500,488
2500,656
2500,2651
2500,3638
2500,2208
2500,3755
2500,2302
2500,2447
2500,5443
2500,2123
2500,3832
2500,929
2500,3818
2500,5179
2500,2515
2500,5300
2500,2328
2500,812
2500,2378
2500,720
2500,2405
2500,2508
2500,636
2500,2234
2500,2238
2500,1940
2500,3912
2500,5621
2500,3803
2500,3963
2500,4223
2500,1941
2500,2011
2500,3744
2500,1196
2500,4509
2500,4286
2500,2370
2500,3830
2500,912
2500,2502
2500,2067
2500,4241
2500,2765
2500,2654
2500,3776
2500,4359
2500,2696
2500,2417
2500,3706
2500,2177
2500,4445
2500,2315
2500,2674
2500,1368
2500,2650
2500,3688
2500,1985
2500,3781
2500,1005
2500,2410
2500,1092
2500,2650
2500,1240
2500,2648
2500,320
2500,5091
2500,1466
2500,4334
2500,1425
2500,2728
2500,4874
2500,2498
2500,2692
2500,3056
2500,3236
2500,1622
2500,5135
2500,1753
2500,5333
2500,3515
2500,3496
2500,1992
2500,5441
2500,1944
2500,5629
2500,5732
2500,2172
2500,2221
2500,5613
2500,2433
2500,3970
2500,2421
2500,3695
2500,2465
2500,2235
2500,5523
2500,5892
2500,3719
2500,5846
2500,2845
2500,2637
2500,6104
2500,2818
2500,6115
2500,2606
2500,5911
2500,2649
2500,8141
2500,2652
2500,5859
2500,5943
2500,2767
2500,2886
2500,2788
2500,6334
2500,6350
2500,6274
2500,6320
2500,6346
2500,6613
2500,6521
2500,6535
2500,6748
2500,6890
2500,6693
2500,6757
2500,6942
2500,6897
2500,6835
2500,6702
2500,7260
2500,7209
2500,7165
2500,7201
2500,8204
2500,7660
2500,7719
2500,7608
2500,7696
2500,704
2500,594
2500,527
2500,864
2500,876
2500,540
2500,883
2500,1034
2500,627
2500,931
2500,561
2500,909
2500,1190
2500,1194
2500,1049
2500,1002
2500,967
2500,1180
2500,924
2500,1040
2500,943
2500,1398
2500,1101
2500,1107
2500,1032
2500,736
2500,1017
2500,1189
2500,1464
2500,1056
2500,944
2500,1271
2500,1176
2500,1205
2500,1306
2500,1081
2500,1016
2500,1085
2500,1353
2500,1342
2500,1383
2500,1571
2500,1543
2500,1723
2500,1691
2500,1420
2500,1697
2500,367
2500,812
2500,901
2500,952
2500,1090
2500,388
2500,913
2500,607
2500,716
2500,638
2500,682
2500,1050
2500,1248
2500,1210
2500,1384
2500,664
2500,890
2500,1671
2500,554
2500,1159
2500,765
2500,1056
2500,923
2500,1115
2500,898
2500,1221
2500,1242
2500,1256
2500,1121
2500,1139
2500,1046
2500,1746
2500,2124
2500,2182
2500,3058
2500,3003
2500,2364
2500,3042
2500,3038
2500,3050
2500,483
2500,3147
2500,3010
2500,665
2500,1130
2500,2657
2500,1849
2500,3253
2500,1201
2500,2441
2500,3026
2500,2946
2500,3128
2500,2276
2500,2987
2500,1987
2500,3064
2500,608
2500,1054
2500,1902
2500,2112
2500,920
2500,1347
2500,1290
2500,1347
2500,1190
2500,2937
2500,1750
2500,2723
2500,1510
2500,2065
2500,2573
2500,2561
2500,2827
2500,2840
2500,3049
2500,2135
2500,3141
2500,3031
2500,224
2500,2940
2500,3115
2500,3196
2500,1380
2500,916
2500,2708
2500,1156
2500,695
2500,1022
2500,806
2500,2901
2500,1139
2500,1170
2500,3280
2500,2604
2500,2605
2500,853
2500,2600
2500,2576
2500,959
2500,2187
2500,2328
2500,3079
2500,2179
2500,2467
2500,2863
2500,2305
2500,2508
2500,2591
2500,2804
2500,2758
2500,2858
2500,2826
2500,2326
2500,442
2500,2978
2500,3046
2500,1928
2500,3164
2500,2587
2500,3152
2500,2949
2500,1259
2500,2724
2500,2895
2500,2255
2500,2859
2500,2047
2500,2315
2500,2482
2500,1886
2500,2690
2500,2487
2500,2515
2500,2467
2500,2546
2500,2367
2500,2126
2500,1571
2500,2314
2500,354
2500,2905
2500,2498
2500,3152
2500,1228
2500,2638
2500,845
2500,2495
2500,1231
2500,2782
2500,1982
2500,3151
2500,1930
2500,2624
2500,1642
2500,1076
2500,372
2500,849
2500,1060
2500,562
2500,2394
2500,1416
2500,745
2500,2992
2500,2955
2500,1792
2500,1407
2500,2642
2500,2305
2500,1085
2500,1432
2500,1654
2500,695
2500,583
2500,633
2500,1435
2500,1140
2500,1293
2500,1340
2500,1181
2500,1266
2500,1382
2500,1163
2500,461
2500,1231
2500,925
2500,1077
2500,1285
2500,1914
2500,1294
2500,999
2500,1016
2500,680
2500,1767
2500,2765
2500,4926
2500,2722
2500,2712
2500,3935
2500,2254
2500,4855
2500,2899
2500,1850
2500,4034
2500,2876
2500,2729
2500,5018
2500,2779
2500,3098
2500,5177
2500,1479
2500,4962
2500,2511
2500,2462
2500,2680
2500,3330
2500,1170
2500,3444
2500,3417
2500,4281
2500,1075
2500,1273
2500,4328
2500,3004
2500,2545
2500,1799
2500,897
2500,3287
2500,1772
2500,3219
2500,2534
2500,1754
2500,4285
2500,3163
2500,2218
2500,3059
2500,1882
2500,2669
2500,1826
2500,2669
2500,2672
2500,5867
2500,6370
2500,5535
2500,6632
2500,6338
2500,5649
2500,6527
2500,3934
2500,2434
2500,6681
2500,2471
2500,6774
2500,2833
2500,5733
2500,6847
2500,2771
2500,6918
2500,6375
2500,3066
2500,4110
2500,2316
2500,6739
2500,6720
2500,5669
2500,5456
2500,5448
2500,2890
2500,6533
2500,6600
2500,3001
2500,2985
2500,7146
2500,6931
2500,8038
2500,7691
2500,5616
2500,9437
2500,8484
2500,6410
2500,6921
2500,9310
2500,8470
2500,6923
2500,8028
2500,6973
2500,8065
2500,2142
2500,3364
2500,2095
2500,3281
2500,3060
2500,4534
2500,5034
2500,1409
2500,3070
2500,11820
2500,5139
2500,5112
2500,11842
2500,4977
2500,4376
2500,5129
2500,5012
2500,4326
2500,7676
2500,4376
2500,4996
2500,4724
2500,4033
2500,4368
2500,3958
2500,4495
2500,4026
2500,2993
2500,3558
2500,3688
2500,4220
2500,4257
2500,3945
2500,4038
2500,12180
2500,7812
2500,7257
2500,7491
2500,8807
2500,2129
2500,6597
2500,13011
2500,6075
2500,8875
2500,7594
2500,9953
2500,10409
2500,6098
2500,3187
2500,2274
2500,7636
2500,6376
2500,9107
2500,7701
2500,9101
2500,3341
2500,6378
2500,6778
2500,7156
2500,7002
2500,7637
2500,7133
2500,3403
2500,3339
2500,13459
2500,3538
2500,9123
2500,8313
2500,8079
2500,8249
2500,9302
2500,13509
2500,13922
2500,10784
2500,10310
2500,13398
2500,13302
2500,9100
2500,9025
2500,13197
2500,8989
2500,13167
2500,13118
2500,13400
2500,13649
2500,13621
2500,9319
2500,4541
2500,4699
2500,9783
2500,1111
2500,10036
2500,9944
2500,14958
2500,9949
2500,4570
2500,9667
2500,8228
2500,844
2500,9934
2500,14901
2500,11039
2500,3490
2500,13292
2500,8079
2500,4482
2500,4623
2500,8276
2500,11028
2500,8389
2500,11286
2500,10019
2500,8830
2500,10961
2500,10826
2500,8918
2500,11667
2500,15653
2500,10649
2500,8704
2500,14031
2500,10909
2500,10623
2500,11570
2500,2613
2500,10790
2500,689
2500,13703
2500,1854
2500,2256
2500,1862
2500,1764
2500,4462
2500,1867
2500,2216
2500,10990
2500,10889
2500,2753
2500,4592
2500,2163
2500,15432
2500,12875
2500,5207
2500,14004
2500,13177
2500,12444
2500,2257
2500,1543
2500,12834
2500,12689
2500,11590
2500,2582
2500,5143
2500,1352
2500,14344
2500,13254
2500,8666
2500,8767
2500,2067
2500,2069
2500,11508
2500,12116
2500,11317
2500,11668
2500,3077
2500,3121
2500,14040
2500,3001
2500,1200
2500,13322
2500,4913
2500,4247
2500,12526
2500,11362
2500,4117
2500,4103
2500,14264
2500,15107
2500,2443
2500,12535
2500,804
2500,949
2500,11416
2500,3504
2500,13253
2500,3014
2500,13746
2500,2736
2500,6857
2500,3697
2500,5553
2500,15828
2500,3097
2500,2475
2500,4103
2500,13151
2500,13592
2500,3485
2500,4051
2500,951
2500,3175
2500,3195
2500,14453
2500,2492
2500,2138
2500,4228
2500,5718
2500,2471
2500,9314
2500,5073
2500,2780
2500,3143
2500,3909
2500,5002
2500,4470
2500,2812
2500,5097
2500,5012
2500,3443
2500,5591
2500,3977
2500,3138
2500,3174
2500,5215
2500,5193
2500,4058
2500,5713
2500,5986
2500,5171
2500,3549
2500,5631
2500,5448
2500,5217
2500,5206
2500,4218
2500,4035
2500,3979
2500,6321
2500,6367
2500,5310
2500,19145
2500,8281
2500,16897
2500,17066
2500,7725
2500,16423
2500,16021
2500,16089
2500,16267
2500,21417
2500,8427
2500,16267
2500,22791
2500,19176
2500,16478
2500,16912
2500,21261
2500,16648
2500,16833
2500,7348
2500,9215
2500,7209
2500,16721
2500,16854
2500,9487
2500,16541
2500,21962
2500,13608
2500,16565
2500,22928
2500,16982
2500,17492
2500,17563
2500,17226
2500,17990
2500,22470
2500,18115
2500,20167
2500,22477
2500,20727
2500,11743
2500,20126
2500,14892
2500,14972
2500,22868
2500,12865
2500,14240
2500,20179
2500,15132
2500,23051
2500,23778
2500,23305
2500,24312
2500,14468
2500,24072
2500,24271
2500,13702
2500,24268
2500,23806
2500,24472
2500,24341
2500,14849
2500,15315
2500,23764
2500,20922
2500,16336
2500,16071
2500,15221
2500,12746
2500,23740
2500,14432
2500,16212
2500,16445
2500,16831
2500,14856
2500,13668
2500,14838
2500,24706
2500,22148
2500,17310
2500,24530
2500,10419
2500,15406
2500,25635
2500,17002
2500,14658
2500,11699
2500,25804
2500,23046
2500,12763
2500,14693
2500,10690
2500,25756
2500,16244
2500,25141
2500,25081
2500,15783
2500,25521
2500,10937
2500,17413
2500,26165
2500,17586
2500,23357
2500,25794
2500,26413
2500,23548
2500,23524
2500,15338
2500,25589
2500,11470
2500,26496
2500,18090
2500,23576
2500,12721
2500,23736
2500,11542
2500,11634
2500,12076
2500,18175
2500,21425
2500,27589
2500,16561
2500,25869
2500,18436
2500,11908
2500,23882
2500,13227
2500,24197
2500,26288
2500,26940
2500,24245
2500,13529
2500,22475
2500,20074
2500,22251
2500,20472
2500,21025
2500,20291
2500,20607
2500,6608
2500,6384
2500,6912
2500,6545
2500,6786
2500,7554
2500,6404
2500,5804
2500,17995
2500,24180
2500,5392
2500,7562
2500,33527
2500,31593
2500,30777
2500,37703
2500,17727
2500,22666
2500,31490
2500,22584
2500,37846
2500,17614
2500,17743
2500,28468
2500,20366
2500,32685
2500,32707
2500,20153
2500,32536
2500,38440
2500,18423
2500,20360
2500,32195
2500,32083
2500,32312
2500,30662
2500,38521
2500,20252
2500,30997
2500,17576
2500,30617
2500,17746
2500,17531
2500,25359
2500,16738
2500,20202
2500,37644
2500,31208
2500,31299
2500,21185
2500,38025
2500,31554
2500,30734
2500,31497
2500,31459
2500,32566
2500,18313
2500,32484
2500,32728
2500,21803
2500,32017
2500,31990
2500,32018
2500,32063
2500,32755
2500,35655
2500,20941
2500,33382
2500,31623
2500,33277
2500,18925
2500,38882
2500,32712
2500,38606
2500,35723
2500,18989
2500,33334
2500,18835
2500,17472
2500,21537
2500,20888
2500,32830
2500,21688
2500,29726
2500,31547
2500,31605
2500,32949
2500,33787
2500,38226
2500,33512
2500,30659
2500,37762
2500,38473
2500,37805
2500,31369
2500,33361
2500,37337
2500,30529
2500,36739
2500,36093
2500,29276
2500,31264
2500,32526
2500,18550
2500,33172
2500,31294
2500,31450
2500,33209
2500,37344
2500,18896
2500,34079
2500,33399
2500,33970
2500,34003
2500,36941
2500,32194
2500,31721
2500,33916
2500,18882
2500,36132
2500,31690
2500,18828
2500,34308
2500,33104
2500,32128
2500,31630
2500,38562
2500,32464
2500,37216
2500,34594
2500,40410
2500,19279
2500,33216
2500,32134
2500,32430
2500,36282
2500,32405
2500,32999
2500,33259
2500,20509
2500,40616
2500,35605
2500,19400
2500,37617
2500,26738
2500,33517
2500,34784
2500,34459
2500,32895
2500,19333
2500,24292
2500,22637
2500,36039
2500,33866
2500,19401
2500,32617
2500,32345
2500,32203
2500,24396
2500,33096
2500,19386
2500,19432
2500,31955
2500,36997
2500,36807
2500,32307
2500,36492
2500,34391
2500,33862
2500,34988
2500,19721
2500,37960
2500,33921
2500,37046
2500,32086
2500,40673
2500,36306
2500,19409
2500,37411
2500,37009
2500,31883
2500,33513
2500,32295
2500,32143
2500,34697
2500,37363
2500,19365
2500,31800
2500,31840
2500,36990
2500,20113
2500,37558
2500,37122
2500,34810
2500,34676
2500,32489
2500,34421
2500,33264
2500,34554
2500,34248
2500,19670
2500,19605
2500,33593
2500,34515
2500,37825
2500,37030
2500,35081
2500,33567
2500,37038
2500,33900
2500,35074
2500,32093
2500,40835
2500,33439
2500,31890
2500,19869
2500,20566
2500,21021
2500,20858
2500,35935
2500,34145
2500,19993
2500,37527
2500,37167
2500,35885
2500,19477
2500,33368
2500,21140
2500,32189
2500,40831
2500,20560
2500,24545
2500,19979
2500,33838
2500,40440
2500,20784
2500,35960
2500,19701
2500,37587
2500,35111
2500,34543
2500,32179
2500,34687
2500,34192
2500,33058
2500,33622
2500,32161
2500,37002
2500,33032
2500,24092
2500,33908
2500,20520
2500,33958
2500,40918
2500,21349
2500,20125
2500,33746
2500,32417
2500,36705
2500,20294
2500,34035
2500,41069
2500,34595
2500,34255
2500,33057
2500,23769
2500,21568
2500,21487
2500,32088
2500,32264
2500,38002
2500,34214
2500,20298
2500,32615
2500,35081
2500,31951
2500,37172
2500,33801
2500,33237
2500,34260
2500,38297
2500,21372
2500,41016
2500,37316
2500,34692
2500,19843
2500,21522
2500,23619
2500,19718
2500,33494
2500,19859
2500,21716
2500,23619
2500,33186
2500,34252
2500,20309
2500,23980
2500,40667
2500,34301
2500,21524
2500,21524
2500,23626
2500,21224
2500,23032
2500,35711
2500,21113
2500,24694
2500,21615
2500,36523
2500,38554
2500,21176
2500,23669
2500,24042
2500,36648
2500,23619
2500,24019
2500,23667
2500,23535
2500,23636
2500,29611
2500,20802
2500,29530
2500,35283
2500,24512
2500,30240
2500,33568
2500,41163
2500,41523
2500,20316
2500,40410
2500,34318
2500,37578
2500,23936
2500,21472
2500,20729
2500,26468
2500,29110
2500,21649
2500,23811
2500,37392
2500,31145
2500,23645
2500,37350
2500,41545
2500,38791
2500,40571
2500,20821
2500,21027
2500,40119
2500,31425
2500,38269
2500,37050
2500,31099
2500,21539
2500,33754
2500,23769
2500,26516
2500,24740
2500,22976
2500,21064
2500,34310
2500,35880
2500,14898
2500,19738
2500,24309
2500,15028
2500,30410
2500,35829
2500,37935
2500,41167
2500,29291
2500,40840
2500,30554
2500,37316
2500,40426
2500,15524
2500,31880
2500,20213
2500,25429
2500,40470
2500,37955
2500,32332
2500,37518
2500,35736
2500,17974
2500,37204
2500,20714
2500,21349
2500,37829
2500,33776
2500,21326
2500,29009
2500,34498
2500,25756
2500,31577
2500,37845
2500,21086
2500,32228
2500,34579
2500,25736
2500,37812
2500,20198
2500,22632
2500,39131
2500,20108
2500,29015
2500,29328
2500,19319
2500,27326
2500,35706
2500,35936
2500,21509
2500,37180
2500,28817
2500,24080
2500,36030
2500,20485
2500,26757
2500,33571
2500,37740
2500,34574
2500,33728
2500,26395
2500,24172
2500,29927
2500,31937
2500,36036
2500,29893
2500,34463
2500,26470
2500,34388
2500,28075
2500,41122
2500,20190
2500,31948
2500,34024
2500,39563
2500,41307
2500,20838
2500,20549
2500,34438
2500,29847
2500,20061
2500,34617
2500,24731
2500,20075
2500,40728
2500,31923
2500,36546
2500,41344
2500,21339
2500,19259
2500,34779
2500,20278
2500,35223
2500,20718
2500,36536
2500,35959
2500,33226
2500,34494
2500,23655
2500,35181
2500,20857
2500,23706
2500,23642
2500,33939
2500,20091
2500,41337
2500,35839
2500,35254
2500,29225
2500,23663
2500,36706
2500,32147
2500,34066
2500,41442
2500,24125
2500,33925
2500,24739
2500,19874
2500,20461
2500,40923
2500,35948
2500,35672
2500,19885
2500,38359
2500,36698
2500,24427
2500,40620
2500,20819
2500,34000
2500,33912
2500,33506
2500,34958
2500,40943
2500,21261
2500,35066
2500,26396
2500,20735
2500,32076
2500,19905
2500,33303
2500,35115
2500,21126
2500,35982
2500,34638
2500,33498
2500,34571
2500,40999
2500,19871
2500,20725
2500,40076
2500,21027
2500,23358
2500,33093
2500,19690
2500,20983
2500,37198
2500,29032
2500,20847
2500,24705
2500,32515
2500,39941
2500,30928
2500,35728
2500,36170
2500,34585
2500,21736
2500,20401
2500,34372
2500,20228
2500,33454
2500,20969
2500,24135
2500,39894
2500,23483
2500,34703
2500,21284
2500,40925
2500,41320
2500,33511
2500,41191
2500,34317
2500,35720
2500,36059
2500,33537
2500,33439
2500,32298
2500,33600
2500,34272
2500,31059
2500,40360
2500,35033
2500,22059
2500,21117
2500,34697
2500,22302
2500,32230
2500,33512
2500,17582
2500,38761
2500,33228
2500,41665
2500,31160
2500,33302
2500,38198
2500,33720
2500,32441
2500,13981
2500,33647
2500,32719
2500,37901
2500,32546
2500,33587
2500,13829
2500,34387
2500,33721
2500,30414
2500,35186
2500,21645
2500,40225
2500,32652
2500,14468
2500,35195
2500,39666
2500,19851
2500,37907
2500,31223
2500,32718
2500,38024
2500,22251
2500,35424
2500,31509
2500,32845
2500,32718
2500,33335
2500,32723
2500,32071
2500,31203
2500,33981
2500,33336
2500,37207
2500,28917
2500,20393
2500,26623
2500,37827
2500,29873
2500,28977
2500,40963
2500,37802
2500,27128
2500,21822
2500,38376
2500,29629
2500,41364
2500,31321
2500,29674
2500,35705
2500,22611
2500,29920
2500,30463
2500,36808
2500,37685
2500,23680
2500,29889
2500,41270
2500,26826
2500,35337
2500,35347
2500,29872
2500,24400
2500,37765
2500,27096
2500,30344
2500,37758
2500,36834
2500,41291
2500,27866
2500,24268
2500,35746
2500,23680
2500,35379
2500,41429
2500,36853
2500,37902
2500,41344
2500,23672
2500,23694
2500,27501
2500,42889
2500,24694
2500,42871
2500,27692
2500,41727
2500,41104
2500,24477
2500,25868
2500,34164
2500,27498
2500,29326
2500,22298
2500,37055
2500,25930
2500,37248
2500,29006
2500,41361
2500,16906
2500,24263
2500,32910
2500,23987
2500,27730
2500,21400
2500,6438
2500,29808
2500,22694
2500,6426
2500,41387
2500,22759
2500,21777
2500,27902
2500,22631
2500,26051
2500,24256
2500,22596
2500,21331
2500,24739
2500,33476
2500,29327
2500,27718
2500,26251
2500,37085
2500,26231
2500,21287
2500,29338
2500,20399
2500,26334
2500,21679
2500,4189
2500,29923
2500,31592
2500,29888
2500,21584
2500,33181
2500,30883
2500,36648
2500,37251
2500,31710
2500,23882
2500,39296
2500,33826
2500,33671
2500,33706
2500,24971
2500,25093
2500,6121
2500,6043
2500,32529
2500,28512
2500,32771
2500,33537
2500,32139
2500,32197
2500,29686
2500,29792
2500,35094
2500,3838
2500,41909
2500,19980
2500,40700
2500,23092
2500,25224
2500,21034
2500,31041
2500,36624
2500,32523
2500,34624
2500,29334
2500,20528
2500,39888
2500,38988
2500,22260
2500,20931
2500,34903
2500,38995
2500,41518
2500,39601
2500,22013
2500,32786
2500,42262
2500,40671
2500,16862
2500,22504
2500,34019
2500,41011
2500,34095
2500,15441
2500,41475
2500,22539
2500,34238
2500,32596
2500,25387
2500,7010
2500,4532
2500,32298
2500,25141
2500,21682
2500,37273
2500,27962
2500,28148
2500,25417
2500,30895
2500,37337
2500,40213
2500,25453
2500,33312
2500,33497
2500,34461
2500,32424
2500,37155
2500,22484
2500,27786
2500,22566
2500,25643
2500,34111
2500,24310
2500,41520
2500,35553
2500,22720
2500,27995
2500,22577
2500,25642
2500,33934
2500,34126
2500,37307
2500,25627
2500,29909
2500,20502
2500,29292
2500,22721
2500,21374
2500,42874
2500,28031
2500,33727
2500,37334
2500,20240
2500,25580
2500,21557
2500,6390
2500,3683
2500,20994
2500,23054
2500,23580
2500,29067
2500,24347
2500,25484
2500,35884
2500,5590
2500,25528
2500,23468
2500,26577
2500,24762
2500,32376
2500,30276
2500,41580
2500,6365
2500,6602
2500,29133
2500,24260
2500,25034
2500,33549
2500,31487
2500,41157
2500,33354
2500,5821
2500,31677
2500,24224
2500,22672
2500,6042
2500,22732
2500,3765
2500,21004
2500,23042
2500,22766
2500,22740
2500,39639
2500,4061
2500,22883
2500,23388
2500,32613
2500,4038
2500,21477
2500,23642
2500,22670
2500,4012
2500,23493
2500,41407
2500,35903
2500,4133
2500,23501
2500,33752
2500,23676
2500,5300
2500,41510
2500,6437
2500,6439
2500,41415
2500,4109
2500,20501
2500,21078
2500,35829
2500,24743
2500,23614
2500,33431
2500,25383
2500,32622
2500,32544
2500,33590
2500,31443
2500,33544
2500,24708
2500,28738
2500,25303
2500,22370
2500,40964
2500,21454
2500,32389
2500,22323
2500,41329
2500,41775
2500,7286
2500,32436
2500,33223
2500,25246
2500,32042
2500,32541
2500,21878
2500,32513
2500,20149
2500,33960
2500,32731
2500,25344
2500,25236
2500,49317
2500,10184
2500,49543
2500,11018
2500,11007
2500,11955
2500,8912
2500,10907
2500,9754
2500,10866
2500,11172
2500,29824
2500,10804
2500,49135
2500,12496
2500,12412
2500,35727
2500,10530
2500,36252
2500,11517
2500,35490
2500,10593
2500,10972
2500,48839
2500,49061
2500,48722
2500,11605
2500,34679
2500,33314
2500,33498
2500,34364
2500,49167
2500,49699
2500,33394
2500,35749
2500,10836
2500,32187
2500,36137
2500,10950
2500,36394
2500,11300
2500,10937
2500,11878
2500,34158
2500,23356
2500,11672
2500,10853
2500,9984
2500,36510
2500,10779
2500,11981
2500,48538
2500,11379
2500,48763
2500,33608
2500,33493
2500,11507
2500,11783
2500,39622
2500,12066
2500,12392
2500,11591
2500,11316
2500,12114
2500,11067
2500,35546
2500,33949
2500,37184
2500,11522
2500,12834
2500,12606
2500,12025
2500,11481
2500,35867
2500,35067
2500,11562
2500,31443
2500,32405
2500,10134
2500,12469
2500,32751
2500,35854
2500,35218
2500,35634
2500,9902
2500,11294
2500,11965
2500,10108
2500,10497
2500,11956
2500,50902
2500,9905
2500,36800
2500,10774
2500,35902
2500,22509
2500,35852
2500,10750
2500,33132
2500,11307
2500,11890
2500,35723
2500,35851
2500,11908
2500,11242
2500,11707
2500,11111
2500,11860
2500,10881
2500,11058
2500,11984
2500,11574
2500,50446
2500,12066
2500,12220
2500,11621
2500,35984
2500,33891
2500,35976
2500,11555
2500,11489
2500,9490
2500,34149
2500,35802
2500,10415
2500,49189
2500,49811
2500,10516
2500,33678
2500,10920
2500,32880
2500,34208
2500,11981
2500,11259
2500,10868
2500,9656
2500,36026
2500,48850
2500,49396
2500,12781
2500,11293
2500,10743
2500,11053
2500,12912
2500,49369
2500,36648
2500,12709
2500,11849
2500,40259
2500,11933
2500,35006
2500,13725
2500,13474
2500,13573
2500,11166
2500,34881
2500,12619
2500,12479
2500,13521
2500,50014
2500,31888
2500,31911
2500,10966
2500,31870
2500,11417
2500,36401
2500,12686
2500,12402
2500,36616
2500,12237
2500,36363
2500,36587
2500,31410
2500,12298
2500,37646
2500,31846
2500,32703
2500,50669
2500,13530
2500,36512
2500,32118
2500,34915
2500,13483
2500,12037
2500,36528
2500,36595
2500,13419
2500,32625
2500,32356
2500,13213
2500,31729
2500,32621
2500,31863
2500,11011
2500,11818
2500,12815
2500,31075
2500,49539
2500,11344
2500,12161
2500,11398
2500,13621
2500,11342
2500,51022
2500,33031
2500,11368
2500,10000
2500,50546
2500,35625
2500,33319
2500,12664
2500,47996
2500,51256
2500,34063
2500,10345
2500,32707
2500,9689
2500,44399
2500,35610
2500,13929
2500,11411
2500,32827
2500,13457
2500,13442
2500,35453
2500,49436
2500,46607
2500,32209
2500,11113
2500,9848
2500,36162
2500,8930
2500,9598
2500,33456
2500,2563
2500,1732
2500,3793
2500,5392
2500,1970
2500,3145
2500,2429
2500,869
2500,5307
2500,3337
2500,3343
2500,3139
2500,4757
2500,950
2500,3569
2500,674
2500,3543
2500,4459
2500,5535
2500,4814
2500,5985
2500,4472
2500,3391
2500,3214
2500,3164
2500,2779
2500,5648
2500,3660
2500,932
2500,3546
2500,2413
2500,1065
2500,2539
2500,3793
2500,3519
2500,1969
2500,3244
2500,3658
2500,3708
2500,3673
2500,1939
2500,3486
2500,3635
2500,3799
2500,3282
2500,1548
2500,2156
2500,3477
2500,2294
2500,2356
2500,5229
2500,5349
2500,3430
2500,4205
2500,2787
2500,2255
2500,3825
2500,4444
2500,4653
2500,1139
2500,2580
2500,3890
2500,8644
2500,2569
2500,2838
2500,5465
2500,3602
2500,5438
2500,3745
2500,3330
2500,3828
2500,3926
2500,5802
2500,5931
2500,2051
2500,3394
2500,5568
2500,5132
2500,1676
2500,4667
2500,5777
2500,3420
2500,5718
2500,5607
2500,3432
2500,5979
2500,5577
2500,3786
2500,2528
2500,6003
2500,5927
2500,3974
2500,2515
2500,5731
2500,2506
2500,5716
2500,5719
2500,5847
2500,2479
2500,6149
2500,4083
2500,2378
2500,1933
2500,2600
2500,5977
2500,5553
2500,782
2500,6159
2500,3331
2500,6297
2500,1161
2500,5355
2500,4474
2500,1514
2500,3171
2500,4513
2500,3274
2500,2687
2500,3225
2500,3528
2500,2341
2500,3353
2500,6508
2500,4479
2500,6514
2500,2424
2500,1808
2500,4514
2500,2752
2500,2422
2500,2786
2500,2801
2500,3294
2500,1205
2500,2545
2500,2943
2500,6188
2500,3416
2500,6217
2500,1361
2500,4584
2500,1395
2500,6381
2500,1063
2500,1677
2500,6597
2500,3030
2500,4796
2500,1122
2500,5582
2500,1732
2500,6645
2500,3797
2500,1157
2500,7273
2500,2662
2500,1125
2500,3908
2500,7528
2500,6850
2500,5815
2500,5965
2500,6762
2500,4160
2500,1798
2500,3226
2500,2551
2500,1303
2500,4178
2500,5881
2500,3287
2500,3322
2500,4240
2500,1647
2500,6690
2500,5946
2500,2090
2500,6487
2500,4328
2500,2735
2500,5040
2500,2488
2500,5205
2500,1848
2500,3505
2500,1585
2500,1648
2500,2563
2500,5465
2500,1682
2500,1884
2500,1744
2500,2939
2500,1912
2500,2840
2500,5184
2500,1394
2500,6857
2500,6330
2500,2169
2500,6937
2500,2575
2500,1810
2500,6663
2500,6963
2500,3715
2500,6941
2500,4074
2500,5394
2500,3918
2500,3444
2500,4192
2500,5258
2500,2958
2500,3035
2500,1587
2500,5196
2500,2965
2500,3992
2500,5946
2500,2581
2500,4453
2500,2216
2500,5672
2500,6703
2500,2618
2500,5619
2500,5626
2500,3575
2500,2305
2500,4867
2500,1756
2500,5007
2500,2223
2500,5018
2500,5472
2500,5799
2500,5638
2500,5625
2500,5580
2500,3979
2500,1060
2500,5545
2500,1940
2500,4087
2500,7187
2500,5404
2500,4270
2500,4435
2500,6155
2500,3683
2500,3649
2500,6048
2500,2424
2500,2396
2500,6172
2500,6561
2500,3786
2500,6810
2500,2473
2500,7440
2500,2660
2500,5421
2500,3779
2500,7741
2500,2506
2500,2448
2500,7544
2500,2636
2500,5165
2500,2944
2500,1921
2500,2936
2500,5211
2500,2636
2500,3016
2500,2673
2500,1867
2500,1600
2500,3061
2500,6687
2500,3281
2500,1883
2500,3289
2500,3689
2500,2029
2500,3362
2500,6944
2500,2314
2500,2076
2500,2154
2500,6833
2500,4534
2500,3857
2500,1374
2500,2481
2500,3173
2500,5880
2500,1368
2500,5176
2500,3187
2500,6446
2500,2856
2500,3557
2500,2844
2500,2859
2500,2657
2500,5932
2500,2042
2500,2906
2500,2994
2500,5552
2500,1900
2500,1831
2500,16506
2500,19652
2500,17569
2500,19749
2500,19598
2500,9658
2500,17255
2500,17282
2500,19802
2500,9610
2500,3890
2500,9675
2500,20049
2500,18811
2500,19996
2500,19673
2500,19679
2500,19698
2500,18827
2500,19503
2500,20167
2500,17985
2500,19726
2500,20716
2500,17979
2500,5117
2500,20017
2500,19648
2500,7579
2500,4119
2500,18009
2500,19253
2500,5434
2500,18977
2500,19662
2500,5524
2500,16364
2500,18114
2500,16710
2500,17986
2500,19308
2500,1078
2500,19747
2500,19182
2500,17786
2500,19257
2500,16395
2500,16170
2500,17989
2500,18022
2500,15849
2500,19712
2500,4899
2500,16779
2500,16210
2500,19358
2500,4922
2500,4683
2500,19795
2500,4750
2500,18983
2500,5213
2500,19827
2500,15914
2500,4855
2500,3960
2500,19258
2500,16873
2500,4883
2500,15953
2500,19885
2500,7244
2500,19083
2500,4926
2500,16909
2500,8967
2500,16173
2500,4948
2500,19964
2500,8117
2500,19378
2500,7952
2500,8129
2500,7315
2500,16952
2500,16199
2500,8307
2500,4993
2500,20003
2500,19263
2500,7490
2500,5546
2500,16950
2500,16250
2500,7522
2500,9079
2500,19478
2500,20069
2500,7536
2500,16980
2500,17658
2500,7650
2500,19444
2500,7832
2500,20166
2500,7666
2500,19503
2500,20105
2500,5350
2500,18839
2500,17058
2500,18864
2500,5365
2500,19457
2500,9407
2500,18041
2500,20265
2500,19595
2500,7677
2500,9459
2500,17908
2500,16615
2500,16305
2500,7715
2500,19600
2500,9359
2500,5331
2500,19121
2500,11601
2500,7436
2500,1863
2500,4596
2500,5322
2500,19939
2500,5395
2500,7440
2500,5993
2500,20537
2500,7893
2500,17549
2500,11796
2500,4901
2500,11835
2500,16822
2500,5244
2500,20566
2500,1621
2500,1458
2500,1304
2500,11826
2500,1700
2500,11863
2500,1522
2500,1309
2500,1182
2500,1658
2500,11673
2500,5432
2500,5565
2500,2054
2500,7935
2500,1758
2500,9873
2500,11732
2500,5411
2500,2231
2500,7979
2500,7939
2500,7966
2500,8010
2500,7933
2500,7887
2500,9965
2500,7639
2500,5091
2500,20047
2500,18324
2500,20656
2500,5592
2500,17016
2500,20082
2500,16889
2500,19796
2500,19727
2500,19808
2500,18049
2500,19847
2500,4877
2500,16878
2500,19625
2500,10350
2500,4538
2500,4538
2500,19661
2500,4604
2500,16916
2500,17121
2500,19992
2500,20579
2500,4962
2500,11962
2500,20661
2500,17694
2500,17263
2500,19771
2500,10178
2500,9990
2500,11465
2500,8926
2500,13161
2500,9959
2500,11362
2500,10167
2500,8847
2500,12773
2500,7909
2500,20717
2500,10154
2500,9892
2500,19229
2500,18917
2500,18721
2500,19231
2500,18807
2500,4736
2500,19201
2500,17594
2500,18979
2500,16573
2500,15953
2500,19360
2500,16292
2500,19792
2500,19347
2500,17837
2500,16609
2500,5077
2500,16332
2500,19990
2500,3975
2500,19112
2500,4622
2500,20263
2500,8179
2500,8255
2500,10353
2500,9963
2500,3843
2500,9961
2500,11738
2500,8364
2500,9367
2500,11195
2500,3476
2500,8424
2500,13716
2500,8499
2500,13834
2500,9525
2500,3435
2500,8536
2500,9580
2500,8538
2500,13772
2500,13848
2500,13785
2500,3586
2500,11899
2500,11749
2500,9619
2500,8661
2500,9746
2500,8707
2500,9770
2500,12861
2500,11218
2500,7856
2500,282
2500,11249
2500,17635
2500,9217
2500,14156
2500,4706
2500,8807
2500,13718
2500,4031
2500,13824
2500,12142
2500,9683
2500,10071
2500,7474
2500,3521
2500,8884
2500,418
2500,4396
2500,12827
2500,9561
2500,17688
2500,12121
2500,16778
2500,3646
2500,9821
2500,17344
2500,8770
2500,8733
2500,9839
2500,1073
2500,7722
2500,12020
2500,832
2500,11940
2500,7795
2500,1050
2500,13977
2500,11923
2500,11461
2500,8767
2500,13919
2500,1364
2500,12429
2500,21709
2500,3535
2500,853
2500,1045
2500,1191
2500,1174
2500,5159
2500,3647
2500,1252
2500,1075
2500,1567
2500,3981
2500,1219
2500,8955
2500,1191
2500,3997
2500,11511
2500,12171
2500,9569
2500,9033
2500,1273
2500,14264
2500,8150
2500,10191
2500,9718
2500,5347
2500,10144
2500,3862
2500,1485
2500,9237
2500,8557
2500,12836
2500,11551
2500,772
2500,390
2500,380
2500,842
2500,774
2500,600
2500,892
2500,892
2500,562
2500,833
2500,602
2500,543
2500,561
2500,809
2500,448
2500,745
2500,443
2500,1111
2500,11267
2500,590
2500,7979
2500,814
2500,861
2500,795
2500,882
2500,770
2500,1047
2500,1215
2500,1089
2500,1283
2500,1169
2500,18118
2500,11829
2500,19012
2500,1189
2500,20043
2500,1489
2500,17496
2500,7211
2500,20066
2500,1959
2500,20316
2500,11959
2500,11898
2500,20171
2500,1566
2500,10043
2500,1413
2500,20323
2500,1250
2500,19791
2500,11979
2500,1241
2500,5242
2500,11586
2500,12208
2500,5351
2500,11629
2500,2153
2500,1059
2500,1137
2500,10225
2500,1106
2500,9937
2500,1213
2500,11259
2500,1156
2500,11269
2500,1270
2500,10270
2500,1095
2500,910
2500,1188
2500,802
2500,832
2500,751
2500,750
2500,405
2500,950
2500,539
2500,1254
2500,4721
2500,4177
2500,4292
2500,4424
2500,4888
2500,4599
2500,4155
2500,4382
2500,4261
2500,4448
2500,4869
2500,4419
2500,4444
2500,4473
2500,4569
2500,4201
2500,4834
2500,4423
2500,4150
2500,4273
2500,4874
2500,5726
2500,4319
2500,4224
2500,4198
2500,4173
2500,4094
2500,5378
2500,4236
2500,4631
2500,4530
2500,4123
2500,5627
2500,4864
2500,4181
2500,4756
2500,4581
2500,4518
2500,4775
2500,5855
2500,4770
2500,4587
2500,4772
2500,4632
2500,5094
2500,4488
2500,4630
2500,4848
2500,4729
2500,4904
2500,5945
2500,5263
2500,4114
2500,4963
2500,5080
2500,4407
2500,4086
2500,4502
2500,4232
2500,4824
2500,4355
2500,4774
2500,4375
2500,4664
2500,4190
2500,4993
2500,4594
2500,4929
2500,4659
2500,4436
2500,5061
2500,4659
2500,4544
2500,4320
2500,4681
2500,4778
2500,4614
2500,4361
2500,4576
2500,5262
2500,5132
2500,4991
2500,5068
2500,5293
2500,4506
2500,4737
2500,4975
2500,4721
2500,4506
2500,4823
2500,4956
2500,4405
2500,4823
2500,4849
2500,4523
2500,4837
2500,4626
2500,4222
2500,5003
2500,4676
2500,4939
2500,4622
2500,4834
2500,4251
2500,4619
2500,4664
2500,4447
2500,5763
2500,4628
2500,4395
2500,4465
2500,4850
2500,4753
2500,3819
2500,5002
2500,4899
2500,4539
2500,4855
2500,5007
2500,5722
2500,5263
2500,4767
2500,236
2500,591
2500,599
2500,411
2500,486
2500,477
2500,495
2500,481
2500,579
2500,552
2500,832
2500,973
2500,878
2500,899
2500,925
2500,937
2500,180
2500,210
2500,281
2500,355
2500,289
2500,353
2500,1068
2500,786
2500,825
2500,810
2500,1633
2500,1057
2500,1760
2500,1824
2500,1758
2500,1760
2500,1788
2500,1842
2500,1763
2500,1828
2500,1054
2500,1095
2500,338
2500,1048
2500,263
2500,1170
2500,1228
2500,1146
2500,1134
2500,1204
2500,1174
2500,1383
2500,1271
2500,287
2500,1385
2500,1137
2500,498
2500,2943
2500,2954
2500,3033
2500,2457
2500,3014
2500,2939
2500,3002
2500,2945
2500,1289
2500,1171
2500,1484
2500,2971
2500,1216
2500,1909
2500,1575
2500,2928
2500,1012
2500,2912
2500,1980
2500,1849
2500,1034
2500,1917
2500,1835
2500,1985
2500,893
2500,2926
2500,1097
2500,1331
2500,1755
2500,1068
2500,1044
2500,937
2500,1096
2500,1322
2500,898
2500,1225
2500,314
2500,2921
2500,1008
2500,1167
2500,1146
2500,1069
2500,859
2500,898
2500,1764
2500,1019
2500,1007
2500,2919
2500,2401
2500,3008
2500,3009
2500,3052
2500,282
2500,297
2500,362
2500,333
2500,412
2500,385
2500,252
2500,271
2500,248
2500,270
2500,339
2500,294
2500,345
2500,299
2500,1025
2500,801
2500,957
2500,988
2500,918
2500,735
2500,808
2500,510
2500,1035
2500,384
2500,1068
2500,404
2500,640
2500,1130
2500,620
2500,1113
2500,1225
2500,1338
2500,1247
2500,1477
2500,1656
2500,1671
2500,1733
2500,1797
2500,399
2500,1834
2500,1680
2500,320
2500,1774
2500,1670
2500,615
2500,627
2500,592
2500,821
2500,492
2500,861
2500,1124
2500,796
2500,1177
2500,2231
2500,1001
2500,2212
2500,832
2500,1098
2500,1121
2500,1378
2500,996
2500,987
2500,1411
2500,1812
2500,469
2500,605
2500,1601
2500,1745
2500,1831
2500,1494
2500,1907
2500,1749
2500,1750
2500,613
2500,526
2500,463
2500,696
2500,600
2500,1422
2500,1234
2500,1281
2500,1364
2500,382
2500,848
2500,960
2500,1728
2500,1916
2500,2269
2500,1859
2500,2149
2500,1871
2500,5376
2500,2698
2500,3633
2500,3347
2500,2103
2500,3126
2500,5538
2500,4882
2500,2066
2500,2362
2500,2960
2500,2552
2500,1863
2500,3005
2500,3640
2500,3091
2500,3216
2500,2579
2500,2683
2500,3064
2500,2352
2500,2412
2500,2979
2500,3006
2500,3711
2500,3597
2500,2343
2500,2549
2500,3576
2500,3456
2500,3060
2500,2956
2500,5470
2500,2517
2500,3532
2500,2590
2500,5893
2500,3147
2500,3539
2500,2049
2500,3273
2500,2831
2500,3102
2500,4237
2500,4005
2500,3460
2500,3783
2500,3083
2500,4708
2500,4462
2500,4028
2500,3755
2500,3174
2500,4703
2500,3143
2500,1950
2500,3371
2500,2633
2500,3662
2500,3832
2500,5346
2500,3791
2500,5654
2500,3168
2500,2124
2500,3538
2500,5205
2500,4085
2500,3034
2500,5454
2500,3155
2500,3145
2500,2109
2500,4396
2500,3978
2500,4555
2500,3274
2500,3891
2500,3174
2500,4165
2500,3203
2500,5234
2500,3367
2500,3499
2500,3440
2500,4658
2500,3376
2500,5392
2500,3922
2500,3550
2500,4530
2500,4036
2500,5813
2500,4973
2500,3378
2500,5037
2500,5306
2500,3139
2500,3384
2500,4461
2500,3775
2500,5246
2500,3161
2500,3784
2500,3565
2500,2993
2500,4190
2500,3140
2500,3184
2500,3446
2500,3361
2500,3505
2500,4147
2500,4581
2500,3508
2500,3015
2500,1972
2500,3477
2500,3755
2500,3168
2500,3507
2500,2480
2500,4190
2500,3560
2500,2033
2500,3631
2500,5720
2500,2166
2500,3506
2500,3692
2500,3236
2500,2206
2500,3377
2500,3490
2500,3781
2500,2138
2500,2032
2500,3519
2500,3193
2500,3595
2500,3815
2500,3480
2500,3213
2500,2836
2500,3083
2500,2274
2500,4398
2500,3186
2500,4392
2500,3532
2500,3043
2500,2753
2500,4571
2500,3149
2500,4530
2500,4462
2500,3490
2500,4647
2500,3628
2500,842
2500,730
2500,898
2500,822
2500,838
2500,797
2500,752
2500,395
2500,1176
2500,319
2500,414
2500,887
2500,939
2500,943
2500,871
2500,896
2500,1026
2500,977
2500,1155
2500,904
2500,1064
2500,931
2500,1047
2500,555
2500,517
2500,911
2500,1407
2500,1063
2500,1305
2500,718
2500,397
2500,496
2500,1676
2500,1499
2500,1024
2500,1711
2500,1861
2500,1083
2500,1619
2500,1018
2500,1653
2500,1010
2500,1645
2500,452
2500,1830
2500,2425
2500,912
2500,211
2500,298
2500,235
2500,415
2500,886
2500,981
2500,1014
2500,1336
2500,268
2500,1678
2500,785
2500,2580
2500,1345
2500,1687
2500,1162
2500,1042
2500,2714
2500,1577
2500,1654
2500,1027
2500,990
2500,252
2500,1293
2500,1732
2500,247
2500,2656
2500,1036
2500,1107
2500,995
2500,1051
2500,1314
2500,2607
2500,291
2500,259
2500,1646
2500,274
2500,411
2500,268
2500,571
2500,517
2500,508
2500,464
2500,405
2500,670
2500,638
2500,420
2500,688
2500,531
2500,410
2500,774
2500,982
2500,1007
2500,310
2500,526
2500,569
2500,533
2500,428
2500,470
2500,500
2500,515
2500,921
2500,441
2500,404
2500,497
2500,415
2500,454
2500,350
2500,385
2500,346
2500,785
2500,532
2500,425
2500,423
2500,733
2500,322
2500,256
2500,259
2500,1322
2500,231
2500,956
2500,989
2500,1515
2500,300
2500,1085
2500,1643
2500,650
2500,1763
2500,285
2500,220
2500,1799
2500,1731
2500,1770
2500,470
2500,427
2500,2071
2500,538
2500,1132
2500,1076
2500,1803
2500,1763
2500,1793
2500,332
2500,290
2500,360
2500,567
2500,483
2500,801
2500,994
2500,845
2500,783
2500,636
2500,591
2500,684
2500,752
2500,567
2500,686
2500,1077
2500,757
2500,891
2500,1163
2500,1208
2500,1220
2500,548
2500,800
2500,861
2500,841
2500,652
2500,1243
2500,1282
2500,1020
2500,1284
2500,1201
2500,1569
2500,1548
2500,456
2500,1692
2500,1409
2500,1780
2500,1445
2500,262
2500,1735
2500,866
2500,1751
2500,1277
2500,2453
2500,1782
2500,2777
2500,3610
2500,2093
2500,3944
2500,3048
2500,1788
2500,5078
2500,2697
2500,2309
2500,2450
2500,2814
2500,2593
2500,2981
2500,2605
2500,3025
2500,2819
2500,4359
2500,4113
2500,2914
2500,3323
2500,3278
2500,3852
2500,3646
2500,4875
2500,4999
2500,4172
2500,5830
2500,4436
2500,5818
2500,5351
2500,5969
2500,4952
2500,5935
2500,5381
2500,3604
2500,5155
2500,5178
2500,5513
2500,6162
2500,5203
2500,4552
2500,3778
2500,1111
2500,4083
2500,6087
2500,4179
2500,4526
2500,5588
2500,1374
2500,6061
2500,4458
2500,4480
2500,513
2500,5055
2500,4688
2500,1406
2500,8978
2500,5431
2500,5386
2500,8992
2500,6388
2500,5182
2500,5302
2500,9125
2500,7186
2500,9204
2500,6633
2500,9422
2500,8303
2500,10784
2500,8807
2500,7479
2500,9075
2500,6124
2500,8586
2500,1889
2500,10460
2500,2030
2500,8007
2500,8597
2500,8558
2500,8306
2500,6390
2500,1915
2500,5934
2500,8868
2500,5987
2500,8869
2500,8583
2500,7087
2500,4458
2500,8034
2500,8090
2500,7044
2500,8646
2500,8773
2500,10677
2500,8741
2500,10745
2500,8726
2500,8741
2500,7100
2500,8177
2500,8980
2500,8012
2500,8312
2500,10873
2500,7993
2500,8802
2500,8717
2500,8265
2500,10876
2500,6134
2500,7109
2500,8201
2500,6207
2500,8969
2500,10517
2500,8770
2500,10805
2500,8851
2500,8161
2500,8959
2500,7709
2500,10736
2500,8783
2500,8060
2500,8350
2500,8795
2500,8080
2500,10638
2500,8354
2500,9412
2500,7133
2500,9042
2500,8173
2500,8788
2500,8144
2500,8168
2500,8796
2500,10853
2500,10970
2500,8790
2500,9550
2500,9118
2500,7728
2500,8914
2500,7447
2500,8782
2500,6854
2500,9436
2500,5455
2500,8689
2500,9449
2500,9062
2500,11942
2500,7889
2500,10421
2500,9898
2500,9126
2500,3028
2500,2840
2500,5759
2500,9387
2500,5551
2500,8041
2500,9587
2500,7065
2500,9276
2500,5624
2500,9271
2500,5812
2500,2962
2500,3203
2500,9303
2500,9580
2500,8925
2500,9561
2500,11883
2500,9423
2500,12814
2500,4090
2500,4081
2500,11162
2500,3693
2500,3383
2500,3521
2500,12734
2500,10027
2500,10571
2500,10739
2500,3838
2500,10612
2500,6436
2500,3807
2500,3903
2500,3334
2500,3820
2500,6319
2500,6496
2500,12726
2500,10771
2500,12858
2500,3230
2500,4081
2500,8649
2500,11691
2500,10773
2500,11262
2500,12534
2500,6620
2500,12736
2500,3858
2500,10681
2500,10510
2500,10282
2500,3875
2500,7482
2500,8665
2500,10032
2500,10778
2500,3475
2500,10641
2500,10998
2500,10141
2500,12622
2500,12792
2500,10972
2500,3584
2500,7313
2500,9138
2500,6511
2500,10623
2500,10765
2500,3358
2500,12057
2500,12026
2500,12210
2500,12250
2500,12314
2500,12239
2500,1745
2500,12420
2500,1569
2500,12608
2500,5276
2500,1968
2500,13138
2500,2532
2500,14956
2500,6996
2500,2006
2500,13210
2500,8177
2500,1954
2500,7798
2500,2114
2500,12640
2500,13486
2500,14214
2500,7437
2500,7388
2500,13556
2500,2048
2500,7536
2500,2611
2500,5810
2500,13848
2500,7747
2500,13619
2500,8212
2500,7034
2500,13807
2500,7941
2500,8605
2500,7725
2500,7867
2500,7556
2500,6940
2500,13867
2500,8594
2500,8630
2500,13067
2500,2270
2500,13081
2500,11201
2500,1783
2500,7906
2500,8069
2500,14430
2500,14464
2500,14462
2500,13111
2500,13784
2500,12776
2500,13270
2500,14582
2500,8735
2500,9835
2500,7212
2500,2618
2500,8801
2500,14638
2500,8184
2500,10562
2500,8753
2500,4013
2500,13364
2500,14188
2500,15388
2500,13223
2500,9543
2500,10474
2500,11823
2500,13224
2500,12146
2500,13714
2500,11907
2500,3946
2500,4043
2500,13002
2500,1958
2500,4242
2500,13391
2500,2783
2500,15497
2500,13612
2500,13388
2500,1669
2500,14048
2500,1993
2500,13437
2500,14327
2500,13201
2500,8957
2500,4113
2500,15480
2500,3130
2500,13715
2500,13853
2500,15068
2500,13897
2500,7621
2500,13851
2500,13568
2500,11846
2500,14736
2500,2856
2500,2445
2500,3118
2500,4156
2500,13742
2500,4118
2500,6776
2500,12334
2500,10247
2500,13866
2500,15563
2500,8375
2500,4049
2500,4470
2500,13736
2500,14600
2500,15091
2500,1618
2500,12280
2500,13863
2500,14390
2500,13087
2500,13780
2500,13407
2500,4118
2500,13280
2500,14000
2500,10684
2500,13383
2500,3121
2500,4145
2500,13336
2500,13698
2500,5236
2500,15499
2500,14011
2500,15193
2500,13548
2500,5205
2500,14643
2500,15009
2500,5267
2500,13863
2500,13893
2500,12957
2500,5292
2500,13516
2500,13453
2500,13982
2500,14014
2500,15037
2500,14172
2500,14120
2500,14484
2500,5388
2500,13128
2500,11448
2500,12658
2500,6001
2500,14154
2500,13266
2500,3405
2500,4386
2500,14455
2500,13470
2500,3591
2500,14174
2500,14916
2500,13363
2500,15608
2500,3540
2500,14256
2500,6209
2500,3563
2500,5131
2500,14088
2500,14194
2500,14247
2500,6068
2500,11724
2500,5061
2500,14813
2500,4304
2500,14520
2500,14810
2500,12939
2500,15194
2500,14437
2500,4139
2500,14131
2500,4212
2500,3550
2500,14810
2500,15279
2500,8897
2500,14053
2500,12820
2500,14160
2500,6410
2500,6150
2500,5106
2500,13766
2500,14252
2500,14499
2500,6475
2500,14076
2500,3466
2500,15249
2500,5563
2500,13815
2500,15265
2500,13880
2500,15016
2500,17987
2500,5875
2500,16734
2500,5969
2500,9569
2500,15387
2500,16162
2500,5160
2500,5055
2500,14367
2500,4848
2500,4895
2500,16408
2500,15055
2500,5214
2500,15827
2500,6059
2500,9768
2500,5178
2500,15888
2500,15441
2500,15088
2500,12943
2500,15565
2500,5226
2500,14443
2500,15593
2500,15021
2500,5843
2500,5256
2500,5145
2500,5172
2500,16289
2500,10331
2500,10878
2500,16583
2500,16022
2500,14556
2500,17732
2500,17938
2500,14339
2500,16063
2500,6799
2500,14361
2500,17231
2500,6025
2500,17418
2500,6059
2500,6823
2500,5704
2500,16860
2500,17439
2500,14557
2500,5896
2500,15672
2500,16893
2500,12505
2500,17200
2500,17389
2500,17594
2500,6061
2500,6000
2500,17624
2500,16039
2500,15870
2500,6088
2500,18048
2500,17661
2500,12660
2500,16368
2500,17795
2500,17437
2500,14252
2500,18006
2500,17756
2500,18620
2500,6118
2500,6495
2500,17562
2500,16357
2500,17461
2500,16660
2500,16126
2500,6056
2500,16161
2500,14747
2500,17997
2500,19325
2500,20625
2500,21672
2500,24619
2500,21109
2500,22285
2500,18604
2500,22593
2500,18656
2500,21299
2500,21209
2500,12942
2500,14073
2500,16306
2500,21202
2500,15523
2500,18127
2500,23453
2500,17160
2500,16811
2500,20494
2500,20975
2500,13444
2500,20892
2500,19880
2500,21481
2500,14141
2500,16236
2500,20919
2500,21258
2500,19934
2500,14160
2500,16730
2500,13103
2500,21549
2500,13738
2500,15663
2500,20908
2500,20965
2500,15676
2500,16461
2500,20158
2500,16029
2500,19686
2500,20474
2500,15735
2500,20463
2500,16527
2500,17507
2500,16158
2500,19777
2500,19819
2500,17511
2500,18711
2500,19658
2500,21024
2500,19889
2500,19634
2500,20459
2500,18156
2500,20033
2500,17171
2500,17640
2500,20893
2500,21112
2500,21262
2500,17147
2500,22363
2500,16476
2500,14191
2500,18190
2500,21858
2500,19867
2500,21680
2500,22052
2500,20176
2500,19854
2500,20990
2500,18732
2500,21159
2500,20545
2500,21482
2500,20708
2500,20646
2500,20716
2500,21405
2500,21551
2500,21571
2500,19705
2500,18642
2500,21629
2500,17123
2500,21420
2500,14055
2500,21416
2500,21415
2500,17153
2500,18118
2500,21590
2500,18118
2500,21843
2500,22197
2500,21073
2500,14120
2500,20244
2500,14147
2500,17572
2500,21536
2500,19464
2500,18215
2500,20705
2500,21391
2500,20902
2500,21635
2500,20764
2500,20801
2500,16800
2500,16740
2500,22600
2500,14850
2500,14829
2500,20664
2500,20641
2500,16425
2500,17178
2500,19848
2500,21088
2500,20982
2500,21602
2500,19203
2500,24241
2500,20454
2500,15428
2500,22139
2500,23601
2500,20052
2500,20215
2500,20820
2500,22936
2500,21976
2500,20861
2500,15537
2500,24054
2500,15396
2500,20609
2500,23709
2500,20966
2500,23522
2500,24150
2500,20262
2500,21055
2500,23937
2500,25825
2500,19425
2500,20818
2500,21306
2500,24210
2500,20435
2500,23259
2500,20932
2500,19671
2500,24149
2500,18768
2500,20506
2500,21493
2500,24432
2500,20842
2500,21042
2500,21033
2500,25428
2500,22419
2500,19749
2500,22217
2500,21421
2500,22128
2500,21475
2500,25549
2500,20042
2500,22181
2500,20071
2500,24062
2500,20714
2500,21146
2500,19662
2500,24371
2500,23130
2500,18675
2500,23582
2500,14098
2500,21749
2500,19841
2500,21608
2500,14928
2500,18708
2500,17275
2500,19479
2500,20981
2500,17269
2500,26645
2500,15882
2500,20804
2500,19483
2500,21627
2500,20857
2500,20177
2500,20367
2500,20282
2500,21127
2500,15034
2500,19606
2500,19761
2500,20903
2500,14168
2500,21094
2500,19576
2500,19211
2500,17264
2500,20897
2500,19587
2500,16505
2500,16812
2500,16557
2500,16647
2500,20293
2500,22606
2500,23680
2500,15265
2500,20624
2500,20630
2500,22335
2500,15924
2500,20431
2500,17002
2500,23852
2500,16641
2500,21293
2500,16368
2500,19353
2500,20471
2500,20325
2500,16421
2500,20291
2500,22029
2500,16645
2500,15983
2500,22472
2500,14639
2500,22597
2500,21945
2500,14711
2500,14427
2500,24309
2500,26606
2500,22470
2500,23575
2500,20447
2500,15952
2500,20076
2500,26769
2500,19495
2500,23399
2500,14769
2500,23700
2500,23529
2500,21882
2500,20673
2500,16587
2500,19971
2500,19661
2500,21582
2500,16900
2500,24363
2500,20265
2500,14848
2500,20167
2500,20611
2500,21051
2500,19523
2500,14830
2500,26728
2500,23571
2500,22133
2500,20411
2500,20323
2500,22758
2500,22646
2500,14835
2500,17009
2500,16943
2500,17247
2500,20485
2500,20418
2500,24363
2500,16742
2500,20241
2500,22514
2500,20359
2500,20739
2500,17330
2500,23805
2500,25706
2500,25559
2500,20465
2500,14562
2500,24008
2500,21248
2500,15818
2500,24469
2500,25578
2500,20229
2500,22741
2500,22123
2500,22031
2500,23027
2500,23861
2500,23778
2500,26855
2500,25608
2500,21764
2500,20475
2500,24521
2500,21262
2500,19641
2500,19798
2500,20977
2500,23896
2500,19814
2500,16553
2500,25648
2500,25643
2500,23104
2500,22121
2500,15855
2500,14812
2500,15607
2500,24325
2500,10547
2500,20295
2500,16203
2500,16230
2500,25107
2500,16590
2500,22121
2500,22382
2500,17557
2500,18561
2500,16419
2500,16493
2500,16955
2500,17669
2500,17744
2500,17057
2500,17071
2500,16524
2500,17871
2500,17903
2500,20757
2500,17175
2500,20513
2500,17945
2500,15616
2500,18797
2500,19591
2500,18031
2500,15605
2500,18063
2500,20226
2500,17873
2500,22303
2500,17907
2500,22615
2500,17950
2500,14947
2500,18214
2500,23702
2500,18009
2500,19733
2500,18474
2500,22824
2500,18317
2500,24213
2500,18568
2500,14782
2500,18432
2500,20297
2500,18465
2500,25668
2500,18542
2500,19774
2500,18722
2500,22670
2500,18601
2500,18656
2500,18680
2500,20068
2500,20410
2500,18815
2500,19361
2500,19577
2500,20142
2500,20162
2500,20227
2500,20165
2500,20330
2500,19547
2500,20322
2500,20400
2500,22901
2500,22384
2500,20750
2500,20920
2500,20603
2500,20000
2500,20587
2500,22132
2500,20699
2500,22116
2500,20182
2500,23659
2500,21211
2500,19649
2500,22864
2500,15928
2500,15978
2500,19812
2500,20629
2500,20617
2500,20610
2500,21241
2500,20646
2500,21265
2500,20625
2500,20736
2500,20006
2500,20808
2500,19897
2500,20183
2500,19975
2500,21040
2500,20063
2500,20136
2500,20118
2500,20211
2500,20199
2500,29838
2500,21417
2500,22487
2500,21779
2500,22552
2500,21927
2500,26019
2500,30195
2500,30173
2500,30225
2500,22175
2500,30939
2500,29959
2500,26895
2500,26977
2500,26980
2500,31001
2500,31018
2500,31035
2500,31146
2500,31153
2500,28065
2500,23131
2500,30821
2500,24318
2500,24321
2500,24440
2500,24438
2500,24344
2500,31930
2500,28938
2500,25332
2500,27898
2500,25357
2500,24679
2500,24771
2500,25587
2500,31000
2500,24786
2500,25678
2500,24645
2500,25243
2500,32721
2500,25286
2500,24651
2500,28720
2500,28795
2500,31878
2500,28896
2500,32791
2500,27765
2500,24455
2500,24364
2500,24359
2500,24341
2500,32070
2500,34315
2500,30250
2500,33474
2500,33294
2500,34546
2500,33291
2500,30254
2500,37223
2500,33285
2500,30278
2500,34565
2500,30522
2500,33310
2500,30265
2500,30468
2500,33307
2500,30494
2500,27445
2500,30442
2500,33467
2500,30580
2500,34397
2500,34383
2500,31533
2500,34701
2500,34436
2500,30460
2500,30280
2500,34582
2500,33296
2500,34460
2500,34570
2500,30461
2500,34480
2500,26585
2500,9260
2500,9889
2500,8919
2500,2002
2500,13743
2500,6482
2500,1632
2500,4733
2500,1635
2500,7589
2500,1087
2500,1951
2500,6720
2500,4657
2500,1539
2500,1896
2500,2251
2500,7574
2500,2627
2500,1473
2500,9905
2500,11135
2500,7729
2500,1251
2500,7102
2500,1720
2500,8925
2500,9664
2500,305
2500,4538
2500,1958
2500,1583
2500,2089
2500,715
2500,10259
2500,6117
2500,2175
2500,7979
2500,8991
2500,724
2500,4424
2500,8326
2500,1071
2500,3117
2500,8274
2500,749
2500,6354
2500,9717
2500,2070
2500,1394
2500,2760
2500,935
2500,2152
2500,9748
2500,3091
2500,1599
2500,539
2500,2086
2500,804
2500,2337
2500,5087
2500,2025
2500,1779
2500,1134
2500,7881
2500,3056
2500,880
2500,1284
2500,3104
2500,8757
2500,4190
2500,2769
2500,1023
2500,1789
2500,8173
2500,9087
2500,10332
2500,2027
2500,1954
2500,10424
2500,7925
2500,7920
2500,1755
2500,2207
2500,4541
2500,5284
2500,2590
2500,12450
2500,2146
2500,11151
2500,7800
2500,9447
2500,12095
2500,2245
2500,4324
2500,5412
2500,7240
2500,1946
2500,9956
2500,1711
2500,7965
2500,4377
2500,6114
2500,3689
2500,12275
2500,2066
2500,5015
2500,3224
2500,5922
2500,7826
2500,11895
2500,6011
2500,2203
2500,3746
2500,3357
2500,4494
2500,4926
2500,11856
2500,2070
2500,7037
2500,8488
2500,12072
2500,2707
2500,12242
2500,5322
2500,1752
2500,6089
2500,6486
2500,6121
2500,11010
2500,2588
2500,10705
2500,1754
2500,7481
2500,4208
2500,12085
2500,9605
2500,12435
2500,2174
2500,6090
2500,6216
2500,10078
2500,6442
2500,2113
2500,10226
2500,7162
2500,8057
2500,5133
2500,8685
2500,9766
2500,11160
2500,2596
2500,9179
2500,7469
2500,2415
2500,8541
2500,11179
2500,11191
2500,6652
2500,8557
2500,2451
2500,10602
2500,10940
2500,3239
2500,6578
2500,2035
2500,10462
2500,9310
2500,9693
2500,1508
2500,10543
2500,6315
2500,12197
2500,9603
2500,6434
2500,7572
2500,11137
2500,7269
2500,9115
2500,12217
2500,6733
2500,11151
2500,6300
2500,9432
2500,9034
2500,11093
2500,11120
2500,13151
2500,3138
2500,4602
2500,4476
2500,5740
2500,12343
2500,6647
2500,7225
2500,7509
2500,10179
2500,10578
2500,3316
2500,6833
2500,8178
2500,10893
2500,4407
2500,6223
2500,8695
2500,5399
2500,9376
2500,7058
2500,10632
2500,8545
2500,11030
2500,3782
2500,8663
2500,9486
2500,10322
2500,4992
2500,10524
2500,5261
2500,9179
2500,11052
2500,3594
2500,10918
2500,8749
2500,9955
2500,9108
2500,7162
2500,6318
2500,10404
2500,5692
2500,8724
2500,9131
2500,5263
2500,5665
2500,3493
2500,7004
2500,9867
2500,11348
2500,9835
2500,10929
2500,11059
2500,3540
2500,6198
2500,6882
2500,3966
2500,6948
2500,3246
2500,9191
2500,12319
2500,8299
2500,7749
2500,10151
2500,6410
2500,7538
2500,6118
2500,10205
2500,9416
2500,4379
2500,10788
2500,9698
2500,8914
2500,6642
2500,10748
2500,8061
2500,9038
2500,10859
2500,6724
2500,8959
2500,9406
2500,3275
2500,1666
2500,6553
2500,8545
2500,11885
2500,9934
2500,3826
2500,9481
2500,10067
2500,11455
2500,12012
2500,5840
2500,11073
2500,13373
2500,13328
2500,11982
2500,13394
2500,10531
2500,10963
2500,9904
2500,12730
2500,6531
2500,9860
2500,10900
2500,8312
2500,11663
2500,5277
2500,10155
2500,12411
2500,13207
2500,11825
2500,10634
2500,7764
2500,10285
2500,11536
2500,10867
2500,11842
2500,6431
2500,10001
2500,10958
2500,6780
2500,5968
2500,12585
2500,10084
2500,7279
2500,8615
2500,3638
2500,10527
2500,4104
2500,10613
2500,8110
2500,8173
2500,9263
2500,5623
2500,6100
2500,8297
2500,5178
2500,8139
2500,4879
2500,9441
2500,5893
2500,1994
2500,10095
2500,8285
2500,4162
2500,8962
2500,10119
2500,4289
2500,4115
2500,5186
2500,4861
2500,5561
2500,2733
2500,5595
2500,4678
2500,7136
2500,4435
2500,2872
2500,5390
2500,3816
2500,9318
2500,3377
2500,5848
2500,3806
2500,3883
2500,4513
2500,3425
2500,6671
2500,4194
2500,3975
2500,6718
2500,5809
2500,5473
2500,6515
2500,5380
2500,4087
2500,5849
2500,12047
2500,5910
2500,8355
2500,6481
2500,5809
2500,17517
2500,2846
2500,5475
2500,5955
2500,9557
2500,6435
2500,15155
2500,5800
2500,2889
2500,7006
2500,2488
2500,6935
2500,5128
2500,5697
2500,7248
2500,7623
2500,8551
2500,5589
2500,804
2500,6046
2500,4108
2500,11593
2500,6792
2500,8434
2500,8211
2500,3483
2500,6689
2500,11862
2500,9002
2500,3467
2500,5252
2500,12870
2500,2516
2500,2740
2500,1979
2500,5443
2500,2804
2500,9195
2500,11650
2500,3666
2500,8615
2500,8176
2500,10350
2500,5678
2500,7334
2500,6875
2500,5816
2500,8723
2500,4380
2500,13012
2500,5779
2500,2301
2500,11142
2500,13097
2500,7050
2500,3480
2500,9952
2500,10828
2500,3740
2500,6569
2500,2421
2500,13116
2500,5735
2500,8135
2500,2975
2500,5938
2500,5698
2500,6778
2500,9128
2500,8108
2500,5846
2500,6524
2500,2369
2500,5777
2500,1468
2500,6565
2500,4453
2500,7174
2500,7287
2500,4153
2500,10647
2500,7754
2500,9463
2500,325
2500,4141
2500,8418
2500,9164
2500,13087
2500,5746
2500,10182
2500,2036
2500,10563
2500,12874
2500,5351
2500,9224
2500,7215
2500,13592
2500,10226
2500,2766
2500,6517
2500,12894
2500,15083
2500,8840
2500,7742
2500,8060
2500,3322
2500,6877
2500,6902
2500,13159
2500,4417
2500,5651
2500,364
2500,3342
2500,5246
2500,5762
2500,9396
2500,7245
2500,4070
2500,6505
2500,5537
2500,3449
2500,3666
2500,12451
2500,12531
2500,3217
2500,4266
2500,6522
2500,3767
2500,11974
2500,6694
2500,5668
2500,6067
2500,9582
2500,10043
2500,3282
2500,11122
2500,12114
2500,4161
2500,7638
2500,5757
2500,8408
2500,5502
2500,5622
2500,7709
2500,7418
2500,6879
2500,11907
2500,6072
2500,7353
2500,7210
2500,12997
2500,4578
2500,6474
2500,3475
2500,7131
2500,6477
2500,4155
2500,11108
2500,3267
2500,7598
2500,6737
2500,8644
2500,11910
2500,12005
2500,5615
2500,3448
2500,7263
2500,8173
2500,5773
2500,4558
2500,5359
2500,5337
2500,12413
2500,7723
2500,12013
2500,3405
2500,3991
2500,9027
2500,4853
2500,12273
2500,5870
2500,1394
2500,3769
2500,6717
2500,8177
2500,5476
2500,10145
2500,6407
2500,10933
2500,8780
2500,5999
2500,3237
2500,8660
2500,2472
2500,3888
2500,7266
2500,8807
2500,6053
2500,11084
2500,6027
2500,8700
2500,12141
2500,7537
2500,7760
2500,3856
2500,5346
2500,5743
2500,10987
2500,3724
2500,10052
2500,8656
2500,11505
2500,8264
2500,8868
2500,8452
2500,11331
2500,5116
2500,6175
2500,10089
2500,5595
2500,9818
2500,7794
2500,10765
2500,9843
2500,11277
2500,7707
2500,11492
2500,5640
2500,8677
2500,10343
2500,8755
2500,4052
2500,8754
2500,10158
2500,8799
2500,11351
2500,8133
2500,3623
2500,9194
2500,7427
2500,7736
2500,10356
2500,8186
2500,5318
2500,10140
2500,10792
2500,8857
2500,7805
2500,15566
2500,9198
2500,10092
2500,3755
2500,7993
2500,8752
2500,12328
2500,9028
2500,9254
2500,5683
2500,7371
2500,2925
2500,7314
2500,7248
2500,8786
2500,11705
2500,7600
2500,6659
2500,15275
2500,7484
2500,10123
2500,5813
2500,5627
2500,10000
2500,9923
2500,3675
2500,11450
2500,4333
2500,8005
2500,7295
2500,3714
2500,6216
2500,7517
2500,7436
2500,5153
2500,8616
2500,7482
2500,5162
2500,4835
2500,5553
2500,4234
2500,8519
2500,5201
2500,5092
2500,5105
2500,7059
2500,5530
2500,7571
2500,9259
2500,11170
2500,4851
2500,7309
2500,15841
2500,4644
2500,10013
2500,3584
2500,5735
2500,3461
2500,5388
2500,5633
2500,5431
2500,3469
2500,8678
2500,7748
2500,5011
2500,3552
2500,13660
2500,6757
2500,3732
2500,6929
2500,5774
2500,5623
2500,3319
2500,15571
2500,3753
2500,5985
2500,6925
2500,5768
2500,11826
2500,7149
2500,3616
2500,7228
2500,3214
2500,6835
2500,5527
2500,4253
2500,12137
2500,15259
2500,3472
2500,5388
2500,5570
2500,12285
2500,5704
2500,5237
2500,3606
2500,4678
2500,6941
2500,3127
2500,15603
2500,5843
2500,5703
2500,3210
2500,3302
2500,4806
2500,5822
2500,3523
2500,6768
2500,4806
2500,5819
2500,6167
2500,5248
2500,4721
2500,4820
2500,7268
2500,5159
2500,299
2500,8037
2500,379
2500,415
2500,545
2500,8216
2500,508
2500,856
2500,873
2500,8421
2500,8465
2500,1781
2500,7170
2500,8443
2500,8376
2500,876
2500,480
2500,1801
2500,1470
2500,1770
2500,1768
2500,1343
2500,1320
2500,1730
2500,1895
2500,1896
2500,1764
2500,1798
2500,1877
2500,1364
2500,1272
2500,1250
2500,1402
2500,1701
2500,1958
2500,1470
2500,1207
2500,1977
2500,1313
2500,1963
2500,2055
2500,1770
2500,1851
2500,1959
2500,1918
2500,1790
2500,3079
2500,2932
2500,1621
2500,2773
2500,1743
2500,1795
2500,1671
2500,3043
2500,1630
2500,2769
2500,3055
2500,2966
2500,3166
2500,3499
2500,2274
2500,3038
2500,3147
2500,3412
2500,1812
2500,3678
2500,2536
2500,3450
2500,3213
2500,3522
2500,3510
2500,1766
2500,2524
2500,1818
2500,3549
2500,2450
2500,2472
2500,2038
2500,1628
2500,1672
2500,2052
2500,1536
2500,1555
2500,2605
2500,2566
2500,2672
2500,2748
2500,2235
2500,1933
2500,2747
2500,2678
2500,2736
2500,1893
2500,2217
2500,2730
2500,2059
2500,2684
2500,2759
2500,2906
2500,1067
2500,2146
2500,1873
2500,1847
2500,2243
2500,1838
2500,1871
2500,1897
2500,2814
2500,2175
2500,2018
2500,1770
2500,2090
2500,2277
2500,2366
2500,2338
2500,1982
2500,2299
2500,1840
2500,2974
2500,2241
2500,2046
2500,1091
2500,2145
2500,812
2500,3086
2500,2493
2500,3149
2500,2578
2500,3093
2500,1116
2500,1078
2500,1856
2500,1958
2500,2608
2500,1087
2500,1924
2500,3444
2500,1303
2500,2989
2500,3771
2500,3662
2500,2977
2500,3685
2500,3083
2500,3079
2500,3079
2500,2166
2500,3094
2500,2287
2500,2253
2500,3308
2500,2342
2500,2406
2500,531
2500,474
2500,525
2500,454
2500,503
2500,464
2500,867
2500,879
2500,1166
2500,1277
2500,1054
2500,529
2500,1215
2500,308
2500,497
2500,1149
2500,992
2500,1019
2500,1048
2500,743
2500,951
2500,802
2500,687
2500,1126
2500,1037
2500,671
2500,924
2500,946
2500,1179
2500,457
2500,878
2500,835
2500,1002
2500,751
2500,993
2500,807
2500,747
2500,1073
2500,1436
2500,845
2500,777
2500,1036
2500,979
2500,919
2500,827
2500,588
2500,504
2500,1336
2500,821
2500,513
2500,782
2500,1024
2500,1110
2500,1014
2500,1274
2500,1045
2500,1376
2500,1211
2500,1724
2500,1452
2500,1203
2500,1595
2500,1581
2500,1572
2500,1362
2500,1329
2500,1576
2500,2472
2500,2339
2500,2158
2500,2140
2500,931
2500,2449
2500,2350
2500,2398
2500,2283
2500,2212
2500,2303
2500,2256
2500,2938
2500,2236
2500,2497
2500,2395
2500,936
2500,2329
2500,2862
2500,2177
2500,894
2500,2257
2500,2154
2500,374
2500,877
2500,875
2500,2380
2500,896
2500,328
2500,2154
2500,366
2500,368
2500,289
2500,338
2500,317
2500,341
2500,172
2500,296
2500,369
2500,422
2500,425
2500,341
2500,499
2500,550
2500,452
2500,569
2500,728
2500,254
2500,782
2500,430
2500,846
2500,825
2500,874
2500,935
2500,121
2500,935
2500,181
2500,178
2500,477
2500,280
2500,1161
2500,329
2500,430
2500,924
2500,299
2500,162
2500,202
2500,599
2500,652
2500,540
2500,453
2500,436
2500,503
2500,443
2500,419
2500,220
2500,408
2500,462
2500,534
2500,553
2500,508
2500,731
2500,717
2500,582
2500,519
2500,799
2500,534
2500,420
2500,208
2500,419
2500,658
2500,996
2500,964
2500,808
2500,687
2500,697
2500,1038
2500,944
2500,1076
2500,1192
2500,857
2500,675
2500,1116
2500,1240
2500,711
2500,923
2500,1335
2500,1099
2500,1080
2500,579
2500,526
2500,1049
2500,621
2500,725
2500,615
2500,1266
2500,993
2500,1517
2500,1881
2500,1427
2500,1359
2500,1572
2500,1662
2500,1257
2500,1778
2500,1607
2500,1380
2500,1638
2500,1629
2500,1541
2500,1856
2500,1266
2500,1513
2500,1208
2500,1529
2500,1279
2500,1325
2500,1548
2500,1773
2500,1484
2500,1423
2500,1684
2500,1530
2500,2014
2500,1891
2500,1597
2500,2360
2500,1889
2500,2518
2500,2175
2500,2618
2500,3346
2500,2997
2500,2964
2500,1515
2500,3650
2500,3652
2500,3574
2500,1694
2500,3451
2500,3670
2500,3419
2500,3187
2500,1809
2500,3414
2500,3652
2500,1881
2500,2330
2500,3718
2500,1842
2500,2286
2500,1796
2500,1871
2500,3412
2500,1757
2500,3903
2500,3658
2500,3781
2500,3765
2500,3786
2500,1908
2500,2274
2500,3157
2500,3577
2500,3514
2500,3506
2500,3891
2500,3794
2500,4140
2500,1904
2500,1886
2500,2119
2500,3573
2500,2049
2500,3572
2500,1944
2500,1958
2500,3959
2500,4095
2500,1922
2500,3567
2500,3852
2500,3694
2500,3816
2500,2179
2500,2215
2500,4124
2500,3552
2500,4031
2500,4299
2500,2928
2500,2567
2500,4386
2500,2433
2500,2841
2500,2469
2500,2845
2500,2470
2500,2613
2500,2545
2500,2492
2500,2815
2500,4407
2500,2646
2500,2532
2500,2767
2500,2481
2500,4368
2500,2371
2500,2596
2500,2645
2500,4193
2500,4055
2500,3377
2500,3463
2500,3094
2500,2872
2500,3076
2500,2876
2500,4714
2500,4424
2500,3540
2500,2927
2500,3172
2500,3360
2500,5190
2500,3181
2500,3190
2500,2877
2500,3119
2500,3589
2500,4664
2500,2833
2500,2815
2500,3376
2500,4899
2500,3521
2500,870
2500,923
2500,270
2500,302
2500,345
2500,1025
2500,569
2500,3716
2500,1118
2500,504
2500,575
2500,4388
2500,3867
2500,3856
2500,1117
2500,857
2500,4247
2500,3125
2500,4552
2500,4964
2500,2785
2500,4688
2500,4551
2500,3281
2500,2831
2500,4705
2500,856
2500,929
2500,477
2500,895
2500,662
2500,935
2500,732
2500,608
2500,1157
2500,654
2500,695
2500,1036
2500,649
2500,4838
2500,1126
2500,977
2500,1264
2500,1930
2500,1328
2500,1927
2500,1298
2500,1159
2500,2003
2500,2068
2500,1122
2500,1991
2500,1291
2500,1945
2500,1147
2500,644
2500,1710
2500,1384
2500,1925
2500,1955
2500,1304
2500,540
2500,531
2500,509
2500,703
2500,461
2500,656
2500,754
2500,659
2500,746
2500,839
2500,780
2500,561
2500,443
2500,624
2500,819
2500,582
2500,773
2500,1043
2500,687
2500,1036
2500,695
2500,873
2500,343
2500,1020
2500,802
2500,801
2500,1003
2500,302
2500,968
2500,1588
2500,393
2500,1092
2500,475
2500,1064
2500,1083
2500,997
2500,1003
2500,560
2500,1000
2500,1133
2500,442
2500,412
2500,493
2500,653
2500,1305
2500,504
2500,1414
2500,755
2500,560
2500,790
2500,306
2500,247
2500,294
2500,983
2500,830
2500,594
2500,239
2500,806
2500,765
2500,339
2500,263
2500,229
2500,733
2500,810
2500,771
2500,215
2500,198
2500,215
2500,1033
2500,774
2500,744
2500,347
2500,536
2500,581
2500,561
2500,324
2500,502
2500,484
2500,758
2500,473
2500,249
2500,315
2500,774
2500,585
2500,501
2500,645
2500,572
2500,234
2500,368
2500,544
2500,371
2500,514
2500,415
2500,833
2500,325
2500,718
2500,533
2500,1198
2500,893
2500,543
2500,1164
2500,555
2500,398
2500,408
2500,386
2500,455
2500,530
2500,557
2500,646
2500,361
2500,370
2500,677
2500,763
2500,1269
2500,1211
2500,1197
2500,593
2500,1204
2500,1132
2500,1181
2500,1211
2500,1193
2500,1050
2500,1134
2500,1129
2500,1179
2500,852
2500,1445
2500,1185
2500,569
2500,642
2500,826
2500,591
2500,411
2500,898
2500,1215
2500,577
2500,684
2500,631
2500,872
2500,1474
2500,583
2500,4101
2500,4738
2500,1315
2500,1288
2500,1314
2500,1374
2500,1329
2500,2435
2500,1318
2500,1255
2500,1291
2500,559
2500,532
2500,579
2500,527
2500,745
2500,655
2500,685
2500,591
2500,630
2500,759
2500,262
2500,883
2500,960
2500,1019
2500,412
2500,395
2500,520
2500,1341
2500,1610
2500,1317
2500,904
2500,996
2500,1221
2500,848
2500,1319
2500,767
2500,1099
2500,1460
2500,1576
2500,968
2500,1108
2500,1509
2500,1357
2500,1472
2500,1085
2500,1499
2500,1269
2500,1294
2500,993
2500,1371
2500,811
2500,1235
2500,1043
2500,1504
2500,1429
2500,1200
2500,1012
2500,295
2500,1238
2500,1191
2500,980
2500,1303
2500,1056
2500,501
2500,1343
2500,328
2500,1785
2500,1163
2500,1531
2500,1902
2500,1257
2500,516
2500,420
2500,1279
2500,1348
2500,1731
2500,1397
2500,582
2500,1773
2500,1721
2500,1490
2500,1332
2500,1567
2500,1352
2500,1671
2500,1502
2500,1250
2500,1774
2500,1931
2500,1591
2500,1185
2500,2131
2500,1296
2500,1186
2500,1503
2500,1291
2500,775
2500,2139
2500,771
2500,794
2500,2228
2500,1145
2500,506
2500,2264
2500,2264
2500,2023
2500,2246
2500,1324
2500,2244
2500,2285
2500,278
2500,1972
2500,2147
2500,1968
2500,2181
2500,927
2500,694
2500,662
2500,3320
2500,1108
2500,3421
2500,1384
2500,967
2500,1401
2500,890
2500,1469
2500,3327
2500,3398
2500,1144
2500,1358
2500,1805
2500,1070
2500,1180
2500,1133
2500,2193
2500,1089
2500,1019
2500,1153
2500,1487
2500,2932
2500,979
2500,3492
2500,1460
2500,1391
2500,1003
2500,1870
2500,4261
2500,4298
2500,3350
2500,4215
2500,4420
2500,4080
2500,4180
2500,4259
2500,5006
2500,3232
2500,1435
2500,4916
2500,1285
2500,3223
2500,2994
2500,3101
2500,1306
2500,4761
2500,5052
2500,4852
2500,3351
2500,4844
2500,4757
2500,4952
2500,4937
2500,5073
2500,4985
2500,5067
2500,4867
2500,3657
2500,3331
2500,2013
2500,2339
2500,3145
2500,3063
2500,6040
2500,3590
2500,3534
2500,3529
2500,2804
2500,5127
2500,6016
2500,6563
2500,3485
2500,6533
2500,6475
2500,10357
2500,8673
2500,12209
2500,10468
2500,12223
2500,8889
2500,13192
2500,14157
2500,12445
2500,11867
2500,14427
2500,10654
2500,10739
2500,13851
2500,9153
2500,12283
2500,10652
2500,8481
2500,6565
2500,6515
2500,6461
2500,6668
2500,13018
2500,6508
2500,12522
2500,12599
2500,6664
2500,6193
2500,6721
2500,9706
2500,6787
2500,11049
2500,11176
2500,9746
2500,14888
2500,9685
2500,15154
2500,11042
2500,6564
2500,12808
2500,6533
2500,6598
2500,6513
2500,6598
2500,11559
2500,6599
2500,9868
2500,8406
2500,9825
2500,14972
2500,10259
2500,11850
2500,6756
2500,10101
2500,10230
2500,977
2500,10430
2500,11481
2500,8621
2500,11343
2500,10350
2500,11240
2500,6156
2500,11534
2500,6910
2500,11129
2500,6186
2500,8431
2500,9038
2500,6626
2500,11443
2500,6934
2500,8579
2500,5680
2500,6487
2500,8450
2500,6578
2500,5848
2500,10203
2500,6711
2500,11824
2500,9056
2500,6467
2500,6762
2500,6357
2500,11483
2500,9404
2500,10025
2500,8766
2500,9984
2500,6777
2500,6978
2500,8889
2500,11831
2500,6687
2500,8769
2500,6771
2500,8847
2500,8707
2500,6991
2500,10040
2500,6326
2500,8775
2500,8951
2500,8846
2500,11580
2500,8694
2500,14546
2500,6347
2500,6369
2500,10081
2500,14276
2500,9298
2500,10090
2500,9187
2500,11450
2500,12051
2500,11436
2500,13224
2500,10706
2500,12900
2500,11827
2500,6440
2500,11831
2500,14846
2500,10895
2500,10389
2500,9128
2500,10754
2500,8728
2500,11669
2500,15937
2500,9120
2500,6744
2500,10283
2500,6877
2500,9366
2500,6980
2500,6572
2500,8934
2500,12163
2500,10400
2500,5897
2500,11848
2500,11837
2500,13823
2500,11969
2500,9437
2500,9332
2500,11449
2500,11670
2500,10373
2500,6002
2500,6759
2500,11746
2500,10418
2500,9520
2500,12120
2500,7038
2500,12086
2500,6128
2500,6566
2500,14215
2500,9280
2500,14117
2500,15788
2500,8862
2500,6098
2500,12083
2500,11947
2500,6917
2500,6346
2500,11645
2500,15739
2500,15519
2500,11364
2500,15038
2500,6306
2500,11617
2500,11891
2500,9024
2500,12108
2500,13601
2500,8865
2500,10310
2500,12050
2500,8954
2500,15889
2500,10526
2500,14831
2500,11611
2500,1690
2500,10196
2500,6214
2500,10525
2500,14473
2500,12131
2500,6916
2500,5812
2500,1302
2500,13406
2500,6908
2500,10565
2500,6997
2500,1151
2500,6893
2500,6239
2500,1737
2500,361
2500,1982
2500,13067
2500,8730
2500,6273
2500,1656
2500,9546
2500,6390
2500,13671
2500,15616
2500,8918
2500,9195
2500,9672
2500,5878
2500,9541
2500,9429
2500,8717
2500,8944
2500,7006
2500,9568
2500,12980
2500,9163
2500,13519
2500,9083
2500,8858
2500,11176
2500,6803
2500,12006
2500,9114
2500,10344
2500,8883
2500,9807
2500,6929
2500,10436
2500,9139
2500,15126
2500,7425
2500,8066
2500,5882
2500,11684
2500,14170
2500,6900
2500,10559
2500,7545
2500,1192
2500,10894
2500,9569
2500,8230
2500,10558
2500,1092
2500,11993
2500,9458
2500,9764
2500,1182
2500,13586
2500,6263
2500,7232
2500,9595
2500,16244
2500,9761
2500,8826
2500,7952
2500,7300
2500,7270
2500,461
2500,1892
2500,1297
2500,8001
2500,8075
2500,1298
2500,14374
2500,13626
2500,8169
2500,579
2500,6817
2500,16622
2500,12449
2500,9566
2500,11253
2500,16344
2500,8210
2500,12513
2500,15230
2500,10967
2500,12847
2500,16376
2500,10969
2500,13032
2500,16380
2500,10966
2500,12920
2500,13652
2500,10969
2500,16200
2500,16110
2500,15259
2500,10134
2500,11048
2500,10299
2500,10028
2500,10007
2500,9811
2500,10193
2500,8575
2500,10309
2500,9985
2500,9938
2500,8541
2500,8680
2500,10077
2500,10120
2500,8616
2500,11323
2500,15475
2500,11090
2500,11080
2500,11118
2500,11172
2500,2455
2500,10594
2500,11035
2500,15425
2500,2041
2500,10538
2500,10968
2500,14051
2500,11003
2500,9446
2500,2496
2500,16609
2500,10988
2500,10895
2500,9653
2500,11079
2500,7338
2500,11001
2500,11090
2500,9438
2500,1185
2500,11103
2500,9647
2500,11458
2500,9531
2500,11091
2500,10800
2500,11030
2500,11242
2500,11093
2500,1080
2500,10662
2500,9446
2500,9492
2500,2044
2500,15413
2500,1922
2500,10307
2500,11178
2500,11222
2500,897
2500,8592
2500,2290
2500,11160
2500,11458
2500,2025
2500,773
2500,11213
2500,899
2500,14443
2500,2063
2500,9495
2500,1958
2500,11636
2500,1897
2500,17028
2500,858
2500,11048
2500,2363
2500,2231
2500,2476
2500,11304
2500,7739
2500,9014
2500,2497
2500,1309
2500,2562
2500,10321
2500,7813
2500,2571
2500,2734
2500,2996
2500,2772
2500,2870
2500,3216
2500,3056
2500,3519
2500,3077
2500,3574
2500,3134
2500,3120
2500,2267
2500,2884
2500,3486
2500,3209
2500,3285
2500,1252
2500,2297
2500,2758
2500,1543
2500,1523
2500,1632
2500,4137
2500,1460
2500,945
2500,1052
2500,1971
2500,1114
2500,3731
2500,1598
2500,1650
2500,1209
2500,2199
2500,1404
2500,1529
2500,1653
2500,1971
2500,1887
2500,1956
2500,2137
2500,1204
2500,2238
2500,1320
2500,946
2500,2017
2500,1860
2500,1565
2500,1815
2500,1444
2500,1640
2500,1356
2500,3836
2500,2875
2500,1368
2500,4055
2500,3853
2500,523
2500,2196
2500,2045
2500,1897
2500,1051
2500,1609
2500,1658
2500,1744
2500,1642
2500,1292
2500,827
2500,2531
2500,2537
2500,3306
2500,2572
2500,1986
2500,1723
2500,1895
2500,3295
2500,3286
2500,2009
2500,2613
2500,2540
2500,1164
2500,1959
2500,3705
2500,2343
2500,2148
2500,2669
2500,2526
2500,2298
2500,1508
2500,2464
2500,2315
2500,1789
2500,2328
2500,2537
2500,2445
2500,3042
2500,890
2500,1565
2500,755
2500,1532
2500,702
2500,809
2500,6144
2500,2104
2500,6181
2500,1877
2500,1975
2500,1964
2500,2878
2500,1082
2500,2266
2500,4059
2500,2776
2500,8571
2500,8611
2500,8600
2500,3294
2500,8699
2500,4202
2500,8793
2500,8598
2500,3362
2500,3386
2500,4449
2500,8899
2500,8843
2500,4380
2500,3924
2500,3555
2500,8822
2500,4250
2500,6052
2500,6605
2500,8989
2500,4605
2500,9073
2500,4448
2500,4022
2500,3942
2500,990
2500,6776
2500,6453
2500,8813
2500,9546
2500,808
2500,3808
2500,9362
2500,6138
2500,9170
2500,4422
2500,9425
2500,9637
2500,6621
2500,1037
2500,9322
2500,797
2500,832
2500,979
2500,9542
2500,4599
2500,5061
2500,9937
2500,4367
2500,982
2500,6734
2500,2266
2500,3334
2500,2214
2500,3142
2500,7187
2500,2245
2500,9343
2500,3277
2500,1290
2500,4057
2500,7494
2500,7173
2500,7555
2500,6926
2500,4408
2500,4134
2500,7615
2500,4010
2500,2429
2500,4809
2500,5840
2500,5976
2500,5902
2500,5289
2500,5899
2500,5377
2500,5659
2500,4133
2500,9362
2500,5430
2500,6397
2500,4239
2500,1835
2500,5701
2500,4466
2500,6363
2500,5667
2500,9890
2500,4251
2500,5677
2500,2558
2500,7037
2500,5091
2500,5341
2500,9930
2500,9134
2500,5587
2500,5425
2500,6981
2500,1819
2500,5890
2500,5403
2500,5574
2500,2732
2500,5104
2500,5598
2500,4066
2500,7076
2500,1654
2500,4677
2500,1927
2500,9803
2500,5037
2500,5009
2500,4138
2500,5723
2500,6050
2500,5794
2500,4180
2500,5525
2500,1923
2500,9896
2500,10053
2500,1940
2500,8393
2500,5219
2500,6574
2500,6220
2500,5895
2500,1930
2500,6535
2500,5134
2500,6567
2500,5796
2500,4851
2500,5860
2500,4448
2500,5909
2500,5928
2500,5842
2500,4819
2500,5150
2500,5298
2500,5863
2500,5729
2500,1842
2500,1960
2500,7875
2500,5601
2500,9413
2500,6709
2500,5046
2500,7359
2500,5125
2500,9336
2500,1779
2500,4414
2500,5695
2500,2062
2500,5784
2500,5153
2500,5846
2500,5473
2500,9357
2500,9381
2500,5447
2500,1729
2500,5439
2500,9489
2500,7399
2500,10100
2500,3898
2500,9525
2500,3153
2500,4534
2500,5357
2500,5879
2500,4814
2500,5003
2500,4928
2500,6164
2500,3817
2500,5858
2500,6290
2500,6803
2500,4922
2500,6079
2500,3952
2500,4179
2500,7044
2500,4194
2500,5124
2500,6298
2500,5245
2500,6339
2500,5026
2500,7085
2500,5949
2500,4413
2500,5782
2500,6399
2500,5160
2500,5647
2500,5768
2500,4171
2500,5956
2500,7257
2500,6600
2500,4644
2500,5638
2500,6222
2500,5823
2500,5558
2500,5966
2500,5920
2500,5919
2500,5949
2500,5913
2500,4985
2500,5826
2500,5970
2500,6320
2500,7079
2500,10830
2500,2040
2500,3548
2500,3601
2500,2197
2500,2515
2500,2295
2500,23683
2500,3629
2500,2591
2500,10078
2500,2056
2500,10552
2500,10405
2500,3782
2500,2022
2500,11354
2500,9732
2500,10371
2500,2026
2500,2038
2500,8744
2500,2074
2500,10363
2500,2358
2500,2105
2500,2039
2500,2403
2500,8597
2500,8552
2500,10795
2500,11306
2500,10812
2500,8717
2500,10633
2500,3428
2500,2289
2500,3693
2500,3843
2500,8775
2500,2299
2500,10663
2500,2342
2500,3694
2500,2295
2500,2316
2500,10160
2500,3845
2500,3580
2500,11447
2500,3721
2500,2130
2500,2172
2500,3449
2500,3583
2500,2101
2500,3636
2500,2132
2500,8668
2500,8884
2500,3570
2500,3863
2500,3832
2500,2320
2500,3601
2500,10181
2500,3594
2500,11532
2500,3578
2500,3472
2500,10729
2500,2212
2500,2222
2500,10194
2500,3717
2500,2168
2500,3687
2500,3857
2500,2566
2500,2357
2500,3516
2500,3589
2500,2158
2500,11166
2500,2173
2500,2098
2500,8816
2500,10183
2500,3371
2500,3712
2500,3379
2500,10305
2500,8619
2500,8945
2500,10110
2500,3622
2500,2520
2500,3798
2500,8577
2500,2187
2500,11211
2500,10554
2500,3385
2500,3721
2500,8627
2500,10512
2500,2621
2500,10732
2500,11300
2500,9104
2500,12351
2500,9647
2500,12987
2500,9692
2500,9690
2500,12206
2500,9839
2500,12585
2500,12128
2500,11917
2500,11019
2500,12199
2500,11910
2500,12180
2500,12274
2500,12614
2500,12734
2500,12860
2500,12905
2500,9272
2500,13074
2500,9299
2500,9361
2500,9347
2500,13158
2500,13745
2500,12882
2500,14469
2500,13138
2500,14348
2500,14364
2500,14184
2500,14108
2500,14477
2500,13567
2500,14180
2500,14068
2500,13295
2500,13270
2500,13409
2500,13447
2500,14245
2500,14232
2500,13884
2500,14814
2500,14488
2500,14700
2500,14641
2500,15104
2500,14579
2500,14599
2500,15502
2500,3316
2500,3431
2500,4034
2500,5984
2500,5921
2500,6640
2500,5865
2500,8392
2500,8283
2500,5924
2500,6884
2500,8952
2500,8338
2500,6776
2500,9041
2500,8198
2500,6934
2500,7533
2500,10823
2500,1599
2500,573
2500,12364
2500,720
2500,12419
2500,683
2500,11738
2500,1617
2500,1773
2500,13810
2500,13450
2500,14221
2500,15544
2500,12339
2500,15545
2500,16437
2500,15973
2500,15599
2500,16463
2500,16469
2500,13044
2500,16555
2500,7363
2500,16472
2500,5761
2500,5871
2500,12971
2500,1970
2500,12941
2500,7580
2500,11598
2500,6650
2500,11287
2500,6792
2500,11420
2500,6691
2500,12119
2500,6721
2500,12997
2500,15143
2500,16859
2500,13395
2500,1939
2500,944
2500,12143
2500,12397
2500,7509
2500,15808
2500,3069
2500,3504
2500,4271
2500,6519
2500,6096
2500,4922
2500,5738
2500,4220
2500,6265
2500,4991
2500,4988
2500,5001
2500,6380
2500,6708
2500,8434
2500,6077
2500,5670
2500,8560
2500,5705
2500,2001
2500,10210
2500,1770
2500,8231
2500,8526
2500,8203
2500,1791
2500,1858
2500,8647
2500,10760
2500,12925
2500,605
2500,1844
2500,1749
2500,4021
2500,1798
2500,7002
2500,1636
2500,5963
2500,12420
2500,6586
2500,8817
2500,10324
2500,8444
2500,13090
2500,6200
2500,10885
2500,7405
2500,12803
2500,6255
2500,14238
2500,6116
2500,12055
2500,5704
2500,11340
2500,7221
2500,5745
2500,13645
2500,7461
2500,11616
2500,10088
2500,14150
2500,14253
2500,14445
2500,10854
2500,14727
2500,14211
2500,12229
2500,16924
2500,12759
2500,12876
2500,13501
2500,15351
2500,16464
2500,15809
2500,12460
2500,12885
2500,12537
2500,17251
2500,13168
2500,8900
2500,12521
2500,16231
2500,13165
2500,6760
2500,16632
2500,16569
2500,6956
2500,1098
2500,8681
2500,7642
2500,7601
2500,1129
2500,7734
2500,8576
2500,1793
2500,7646
2500,1619
2500,1707
2500,14945
2500,4455
2500,4690
2500,4185
2500,4353
2500,4380
2500,4490
2500,5203
2500,4646
2500,5421
2500,4720
2500,4682
2500,4729
2500,6710
2500,6391
2500,4053
2500,4811
2500,5635
2500,6848
2500,6150
2500,5121
2500,6383
2500,6124
2500,6006
2500,5873
2500,5968
2500,6851
2500,6623
2500,5907
2500,10139
2500,6936
2500,9244
2500,8358
2500,6799
2500,7714
2500,7332
2500,10533
2500,9280
2500,7601
2500,1631
2500,1721
2500,11344
2500,9354
2500,8594
2500,10384
2500,10346
2500,12936
2500,1529
2500,1647
2500,10953
2500,13172
2500,14532
2500,12077
2500,13266
2500,13205
2500,17138
2500,16001
2500,15289
2500,17147
2500,14884
2500,16598
2500,6193
2500,12174
2500,5699
2500,12209
2500,14496
2500,5816
2500,8797
2500,12221
2500,6223
2500,14238
2500,7578
2500,12916
2500,8541
2500,7561
2500,7935
2500,12371
2500,2034
2500,11523
2500,15472
2500,568
2500,13597
2500,17672
2500,15311
2500,16871
2500,6418
2500,3840
2500,5878
2500,6027
2500,7176
2500,4975
2500,17696
2500,5968
2500,14504
2500,12232
2500,6015
2500,12353
2500,8152
2500,1736
2500,13485
2500,8146
2500,15072
2500,12383
2500,10386
2500,12926
2500,2462
2500,12470
2500,12976
2500,13289
2500,14179
2500,12465
2500,16583
2500,12738
2500,15550
2500,12791
2500,13315
2500,14252
2500,13259
2500,12806
2500,13933
2500,10938
2500,16912
2500,10845
2500,17118
2500,15254
2500,12603
2500,18033
2500,12283
2500,14972
2500,12221
2500,6345
2500,5659
2500,5692
2500,5933
2500,5953
2500,15813
2500,5663
2500,5257
2500,6697
2500,5302
2500,6748
2500,6180
2500,6628
2500,5369
2500,3927
2500,6673
2500,6562
2500,7139
2500,5944
2500,4430
2500,5997
2500,5666
2500,7110
2500,7541
2500,1333
2500,1479
2500,13081
2500,7034
2500,1710
2500,10166
2500,4522
2500,13035
2500,10835
2500,4577
2500,14110
2500,7236
2500,14496
2500,5051
2500,15736
2500,4552
2500,15433
2500,13109
2500,5276
2500,16563
2500,6679
2500,16616
2500,13242
2500,4617
2500,16611
2500,5835
2500,7528
2500,17659
2500,5092
2500,4590
2500,8778
2500,4588
2500,5955
2500,7511
2500,6816
2500,6911
2500,18446
2500,18431
2500,16389
2500,17683
2500,19072
2500,16396
2500,16251
2500,962
2500,16415
2500,16399
2500,16851
2500,18369
2500,17530
2500,900
2500,974
2500,19132
2500,18277
2500,17737
2500,19370
2500,17753
2500,17555
2500,18335
2500,16297
2500,17060
2500,854
2500,17547
2500,853
2500,17588
2500,18452
2500,19183
2500,19417
2500,19326
2500,19148
2500,19363
2500,18291
2500,16992
2500,17732
2500,16830
2500,18337
2500,19202
2500,16799
2500,19842
2500,17713
2500,18281
2500,1303
2500,19171
2500,19863
2500,17575
2500,17007
2500,17716
2500,19206
2500,17092
2500,749
2500,20045
2500,19817
2500,17505
2500,19810
2500,17522
2500,18434
2500,1375
2500,20517
2500,1212
2500,1963
2500,18194
2500,20396
2500,1358
2500,1362
2500,18436
2500,18446
2500,1397
2500,17555
2500,1472
2500,19865
2500,19055
2500,5837
2500,21642
2500,13258
2500,21693
2500,22835
2500,21846
2500,7833
2500,9761
2500,20324
2500,22537
2500,20156
2500,19706
2500,20282
2500,20875
2500,22101
2500,20162
2500,20179
2500,13004
2500,20183
2500,2082
2500,9973
2500,7724
2500,20349
2500,22412
2500,20399
2500,19502
2500,22600
2500,22072
2500,21667
2500,19931
2500,20427
2500,21681
2500,20024
2500,19504
2500,1855
2500,7799
2500,20081
2500,1828
2500,20786
2500,20028
2500,19630
2500,22447
2500,19938
2500,19972
2500,20777
2500,19615
2500,22499
2500,22052
2500,20041
2500,22113
2500,22137
2500,20096
2500,19636
2500,2060
2500,22179
2500,22508
2500,22015
2500,22292
2500,19769
2500,2077
2500,22246
2500,7897
2500,3206
2500,9972
2500,22118
2500,22344
2500,7738
2500,20276
2500,22390
2500,20484
2500,22414
2500,9790
2500,12940
2500,22169
2500,13022
2500,22545
2500,20295
2500,19598
2500,1814
2500,22033
2500,22494
2500,22282
2500,22507
2500,20876
2500,20816
2500,19920
2500,9940
2500,18868
2500,20329
2500,1935
2500,9778
2500,22054
2500,20157
2500,20899
2500,19760
2500,21049
2500,20915
2500,20847
2500,2051
2500,22556
2500,20832
2500,20152
2500,22638
2500,20535
2500,22239
2500,20605
2500,11686
2500,20556
2500,20901
2500,11527
2500,23969
2500,22407
2500,11035
2500,20271
2500,20648
2500,23142
2500,20354
2500,10987
2500,11031
2500,22212
2500,20270
2500,20417
2500,22456
2500,21073
2500,19983
2500,20026
2500,22347
2500,21061
2500,23876
2500,22927
2500,21458
2500,13066
2500,21189
2500,13063
2500,21865
2500,23778
2500,13200
2500,21147
2500,21322
2500,13206
2500,24233
2500,13106
2500,24424
2500,13381
2500,21663
2500,24429
2500,23311
2500,13345
2500,13502
2500,12716
2500,22044
2500,12953
2500,21881
2500,12915
2500,23887
2500,21658
2500,23445
2500,24328
2500,12956
2500,22488
2500,13261
2500,12940
2500,23215
2500,22714
2500,21415
2500,12812
2500,12998
2500,23664
2500,21798
2500,13532
2500,13137
2500,21997
2500,22217
2500,23813
2500,23848
2500,2512
2500,22655
2500,2881
2500,24176
2500,15110
2500,25332
2500,22594
2500,24943
2500,23466
2500,16599
2500,23825
2500,22646
2500,26413
2500,14788
2500,25436
2500,22726
2500,1611
2500,1782
2500,2643
2500,23973
2500,2798
2500,1203
2500,2271
2500,24250
2500,1244
2500,26958
2500,26695
2500,23471
2500,1385
2500,1421
2500,2330
2500,2605
2500,23576
2500,25844
2500,24079
2500,26436
2500,1763
2500,1506
2500,2504
2500,24264
2500,23829
2500,26217
2500,15321
2500,14389
2500,14626
2500,24808
2500,22770
2500,23361
2500,14433
2500,24443
2500,16518
2500,24871
2500,26292
2500,26223
2500,16744
2500,25893
2500,14439
2500,23008
2500,726
2500,22670
2500,26260
2500,1918
2500,720
2500,23042
2500,1901
2500,1904
2500,22711
2500,748
2500,891
2500,26069
2500,23551
2500,25058
2500,2911
2500,2788
2500,26131
2500,1575
2500,25307
2500,15474
2500,2820
2500,24610
2500,3064
2500,2779
2500,1603
2500,1363
2500,28177
2500,2972
2500,24960
2500,7448
2500,7483
2500,25487
2500,2001
2500,1938
2500,5699
2500,25412
2500,25420
2500,25566
2500,2718
2500,27862
2500,4202
2500,7564
2500,26132
2500,6866
2500,1476
2500,2917
2500,4296
2500,1812
2500,4239
2500,7649
2500,25041
2500,2781
2500,25687
2500,27888
2500,25362
2500,26150
2500,27225
2500,1333
2500,5642
2500,25380
2500,25420
2500,27290
2500,1319
2500,1389
2500,27860
2500,7453
2500,1373
2500,26442
2500,1825
2500,1289
2500,2832
2500,5650
2500,5688
2500,25766
2500,27970
2500,26694
2500,8462
2500,26073
2500,1723
2500,4370
2500,7558
2500,1833
2500,1404
2500,25014
2500,28227
2500,25496
2500,3020
2500,25558
2500,27945
2500,4289
2500,8389
2500,9256
2500,2914
2500,28185
2500,27428
2500,28685
2500,26721
2500,8570
2500,27052
2500,26339
2500,28892
2500,28900
2500,2948
2500,2992
2500,9247
2500,27207
2500,27141
2500,26532
2500,2301
2500,9240
2500,8391
2500,26349
2500,29207
2500,8419
2500,29228
2500,2526
2500,8432
2500,2569
2500,27184
2500,8514
2500,26728
2500,2897
2500,8468
2500,8443
2500,2880
2500,8388
2500,8463
2500,2422
2500,26352
2500,8567
2500,8362
2500,8409
2500,2481
2500,27149
2500,2855
2500,8397
2500,8450
2500,29273
2500,8438
2500,2383
2500,26347
2500,26359
2500,27430
2500,27432
2500,2416
2500,2452
2500,27488
2500,11345
2500,27705
2500,30196
2500,29737
2500,29742
2500,27734
2500,27390
2500,28379
2500,30246
2500,12143
2500,11103
2500,27797
2500,11185
2500,28605
2500,31094
2500,11315
2500,12249
2500,12276
2500,28253
2500,31192
2500,31055
2500,27699
2500,12054
2500,11162
2500,30192
2500,28450
2500,28434
2500,30246
2500,30233
2500,27425
2500,4228
2500,27396
2500,11046
2500,12142
2500,28321
2500,12236
2500,11078
2500,30559
2500,30528
2500,294
2500,30589
2500,12299
2500,30809
2500,28068
2500,3836
2500,27350
2500,29732
2500,12091
2500,12084
2500,10755
2500,4256
2500,27719
2500,30271
2500,12067
2500,11184
2500,10822
2500,11129
2500,29136
2500,12581
2500,10302
2500,28422
2500,12020
2500,11147
2500,11127
2500,27734
2500,10448
2500,27437
2500,3905
2500,29798
2500,12088
2500,28057
2500,11443
2500,30837
2500,11634
2500,11487
2500,29117
2500,28067
2500,29037
2500,30878
2500,28983
2500,3600
2500,12032
2500,11144
2500,11083
2500,29778
2500,27422
2500,11114
2500,12154
2500,12097
2500,11162
2500,27781
2500,11673
2500,28931
2500,30842
2500,28978
2500,29703
2500,29587
2500,31805
2500,28914
2500,31808
2500,31357
2500,31753
2500,29422
2500,31715
2500,29341
2500,29347
2500,30097
2500,31738
2500,31312
2500,31772
2500,31698
2500,32191
2500,31358
2500,31358
2500,31332
2500,31718
2500,32185
2500,31895
2500,32175
2500,761
2500,605
2500,806
2500,347
2500,872
2500,624
2500,749
2500,908
2500,771
2500,778
2500,29728
2500,725
2500,770
2500,877
2500,747
2500,887
2500,22068
2500,30718
2500,31037
2500,30203
2500,310
2500,30740
2500,32639
2500,21943
2500,30561
2500,21801
2500,30594
2500,21850
2500,30852
2500,30579
2500,21870
2500,30754
2500,459
2500,376
2500,3290
2500,31943
2500,32223
2500,32391
2500,34455
2500,372
2500,1518
2500,1522
2500,1770
2500,32578
2500,1538
2500,35087
2500,34480
2500,1532
2500,1708
2500,32420
2500,32281
2500,1722
2500,32309
2500,23160
2500,22864
2500,3851
2500,32522
2500,32522
2500,35661
2500,34598
2500,34665
2500,34520
2500,1801
2500,1713
2500,3521
2500,32525
2500,23479
2500,3895
2500,32446
2500,1921
2500,3898
2500,22849
2500,32429
2500,32614
2500,1767
2500,3940
2500,32464
2500,23309
2500,32483
2500,22768
2500,32675
2500,35513
2500,32560
2500,1692
2500,32668
2500,32603
2500,32601
2500,32661
2500,34749
2500,32428
2500,1768
2500,23474
2500,23163
2500,1861
2500,34753
2500,4018
2500,22973
2500,4061
2500,23141
2500,32604
2500,32514
2500,1668
2500,32492
2500,34738
2500,23056
2500,34803
2500,3252
2500,32632
2500,1768
2500,3953
2500,23280
2500,34712
2500,32635
2500,1788
2500,27110
2500,4082
2500,32668
2500,23100
2500,4017
2500,3599
2500,34778
2500,3186
2500,1705
2500,1835
2500,3589
2500,23078
2500,32563
2500,1809
2500,33293
2500,1904
2500,787
2500,33119
2500,33233
2500,773
2500,777
2500,1192
2500,1873
2500,993
2500,35405
2500,1035
2500,35419
2500,1136
2500,2784
2500,1089
2500,2716
2500,35506
2500,1239
2500,33255
2500,726
2500,914
2500,913
2500,1126
2500,872
2500,35475
2500,2737
2500,695
2500,2848
2500,33244
2500,1212
2500,35479
2500,1003
2500,2921
2500,33060
2500,1206
2500,978
2500,2767
2500,35481
2500,2678
2500,2701
2500,33150
2500,26196
2500,2640
2500,3542
2500,484
2500,3197
2500,1132
2500,25542
2500,2819
2500,26261
2500,582
2500,2896
2500,3735
2500,3740
2500,476
2500,25455
2500,1324
2500,2571
2500,2102
2500,365
2500,399
2500,1245
2500,430
2500,201
2500,963
2500,308
2500,1192
2500,25423
2500,1222
2500,594
2500,449
2500,25423
2500,1255
2500,3345
2500,489
2500,2761
2500,347
2500,393
2500,25672
2500,1955
2500,26980
2500,3938
2500,26498
2500,27516
2500,1042
2500,1112
2500,528
2500,27528
2500,4169
2500,26727
2500,3730
2500,27846
2500,4776
2500,27448
2500,27457
2500,4713
2500,27437
2500,27512
2500,477
2500,566
2500,632
2500,1146
2500,27479
2500,27475
2500,3745
2500,369
2500,26692
2500,4020
2500,325
2500,277
2500,1603
2500,1580
2500,4051
2500,27744
2500,887
2500,28936
2500,1171
2500,28682
2500,5384
2500,4461
2500,4229
2500,2305
2500,29000
2500,29071
2500,1523
2500,2267
2500,2292
2500,4336
2500,1768
2500,28475
2500,28599
2500,4674
2500,28842
2500,3145
2500,1730
2500,1741
2500,1129
2500,28913
2500,2294
2500,1756
2500,4679
2500,4928
2500,4342
2500,4205
2500,30806
2500,1716
2500,1757
2500,2414
2500,4284
2500,3100
2500,4144
2500,3035
2500,4544
2500,4415
2500,5444
2500,29564
2500,29776
2500,1740
2500,4421
2500,3145
2500,30793
2500,5524
2500,29584
2500,5465
2500,4662
2500,2028
2500,5587
2500,1938
2500,30778
2500,2620
2500,30846
2500,5702
2500,3709
2500,5597
2500,4687
2500,5493
2500,6223
2500,687
2500,30826
2500,957
2500,5167
2500,5256
2500,6367
2500,5753
2500,6597
2500,30916
2500,6500
2500,1149
2500,7165
2500,4708
2500,32132
2500,1643
2500,8107
2500,11252
2500,3525
2500,10098
2500,1496
2500,3633
2500,1370
2500,1427
2500,3629
2500,6973
2500,7959
2500,2201
2500,1773
2500,10205
2500,40979
2500,16992
2500,2477
2500,7703
2500,7009
2500,2370
2500,7881
2500,6669
2500,3630
2500,6799
2500,32166
2500,6726
2500,7890
2500,3573
2500,2316
2500,7294
2500,4617
2500,11173
2500,4718
2500,10318
2500,7215
2500,11282
2500,7472
2500,6983
2500,7636
2500,4593
2500,13664
2500,4562
2500,7583
2500,42256
2500,7155
2500,27390
2500,5227
2500,11411
2500,11686
2500,7128
2500,5384
2500,5991
2500,5602
2500,11469
2500,4945
2500,5776
2500,10685
2500,7280
2500,4875
2500,5209
2500,13088
2500,4932
2500,7212
2500,4908
2500,5000
2500,7308
2500,12830
2500,7215
2500,6522
2500,5014
2500,6201
2500,4517
2500,5609
2500,4865
2500,4870
2500,35647
2500,10674
2500,20064
2500,6787
2500,11485
2500,6906
2500,6031
2500,26307
2500,6982
2500,7047
2500,26294
2500,10429
2500,42192
2500,19287
2500,9613
2500,11316
2500,5072
2500,6193
2500,5226
2500,11639
2500,5175
2500,286
2500,8576
2500,8614
2500,6755
2500,42111
2500,5106
2500,6796
2500,11421
2500,7427
2500,4563
2500,5914
2500,7115
2500,7507
2500,5975
2500,4946
2500,5864
2500,7518
2500,10572
2500,5949
2500,5046
2500,5154
2500,7281
2500,6239
2500,11667
2500,11396
2500,5289
2500,12938
2500,359
2500,447
2500,4919
2500,1017
2500,799
2500,828
2500,907
2500,965
2500,392
2500,394
2500,448
2500,436
2500,1128
2500,999
2500,1160
2500,1209
2500,1169
2500,874
2500,1246
2500,1152
2500,1011
2500,1400
2500,1011
2500,1204
2500,926
2500,1416
2500,813
2500,1283
2500,1190
2500,1043
2500,1050
2500,993
2500,820
2500,900
2500,815
2500,995
2500,1419
2500,1208
2500,789
2500,1033
2500,300
2500,298
2500,711
2500,466
2500,515
2500,705
2500,412
2500,432
2500,424
2500,386
2500,744
2500,716
2500,416
2500,449
2500,699
2500,446
2500,400
2500,264
2500,344
2500,706
2500,745
2500,708
2500,1013
2500,1356
2500,931
2500,1007
2500,1046
2500,985
2500,316
2500,325
2500,354
2500,280
2500,572
2500,454
2500,828
2500,450
2500,554
2500,562
2500,515
2500,760
2500,1296
2500,1087
2500,1219
2500,1331
2500,1438
2500,1186
2500,1071
2500,992
2500,1255
2500,1115
2500,1171
2500,1303
2500,1255
2500,1275
2500,1186
2500,1394
2500,189
2500,1068
2500,1306
2500,1207
2500,1385
2500,1407
2500,1498
2500,1655
2500,1732
2500,1754
2500,1738
2500,1907
2500,2009
2500,2105
2500,1869
2500,1239
2500,1355
2500,1362
2500,401
2500,337
2500,668
2500,388
2500,479
2500,429
2500,469
2500,747
2500,543
2500,694
2500,451
2500,580
2500,1037
2500,1146
2500,1008
2500,793
2500,415
2500,504
2500,447
2500,1441
2500,1379
2500,1393
2500,1409
2500,1230
2500,1153
2500,1186
2500,971
2500,948
2500,1098
2500,1024
2500,1090
2500,1032
2500,1148
2500,1214
2500,1310
2500,1409
2500,1190
2500,1435
2500,1429
2500,1169
2500,1125
2500,1107
2500,1129
2500,1050
2500,1290
2500,1342
2500,296
2500,394
2500,426
2500,350
2500,371
2500,312
2500,775
2500,243
2500,280
2500,384
2500,997
2500,425
2500,556
2500,540
2500,554
2500,523
2500,522
2500,295
2500,223
2500,256
2500,297
2500,377
2500,293
2500,175
2500,439
2500,194
2500,368
2500,961
2500,1096
2500,998
2500,1043
2500,905
2500,334
2500,1051
2500,243
2500,870
2500,337
2500,994
2500,937
2500,752
2500,725
2500,486
2500,1001
2500,991
2500,555
2500,589
2500,570
2500,641
2500,834
2500,881
2500,915
2500,583
2500,245
2500,353
2500,1693
2500,530
2500,547
2500,1415
2500,1465
2500,232
2500,351
2500,1277
2500,223
2500,1457
2500,180
2500,1553
2500,225
2500,248
2500,1531
2500,1454
2500,308
2500,206
2500,315
2500,415
2500,269
2500,275
2500,405
2500,355
2500,1289
2500,1811
2500,1223
2500,246
2500,1746
2500,2298
2500,2374
2500,1692
2500,1698
2500,940
2500,1964
2500,1979
2500,1687
2500,540
2500,1493
2500,2200
2500,1665
2500,1342
2500,490
2500,1285
2500,1355
2500,510
2500,1593
2500,2157
2500,2015
2500,626
2500,1470
2500,1508
2500,1527
2500,3371
2500,1844
2500,2798
2500,3448
2500,3461
2500,4085
2500,3560
2500,2657
2500,4046
2500,4903
2500,2868
2500,2979
2500,4724
2500,2706
2500,4731
2500,4098
2500,2570
2500,3340
2500,3348
2500,3969
2500,3662
2500,3385
2500,3470
2500,3996
2500,2587
2500,3428
2500,4068
2500,4039
2500,1757
2500,5163
2500,4339
2500,3793
2500,5261
2500,3405
2500,2640
2500,2674
2500,4069
2500,3532
2500,2997
2500,3359
2500,3994
2500,3968
2500,3564
2500,3945
2500,2893
2500,4045
2500,4396
2500,1508
2500,3626
2500,4055
2500,2788
2500,4062
2500,4158
2500,4811
2500,2865
2500,4414
2500,3526
2500,1810
2500,3873
2500,3053
2500,3586
2500,2764
2500,3550
2500,3606
2500,3298
2500,3457
2500,4220
2500,5713
2500,4252
2500,4824
2500,3489
2500,4229
2500,3604
2500,5790
2500,5746
2500,4314
2500,4333
2500,5791
2500,3630
2500,2388
2500,5895
2500,4398
2500,2483
2500,4413
2500,5991
2500,6461
2500,5070
2500,6401
2500,1338
2500,5375
2500,3497
2500,5971
2500,5975
2500,5446
2500,5127
2500,6030
2500,3765
2500,4653
2500,5185
2500,3714
2500,4840
2500,5886
2500,6420
2500,5871
2500,4549
2500,4642
2500,5690
2500,6509
2500,5964
2500,6212
2500,5175
2500,4489
2500,4647
2500,3577
2500,3656
2500,6389
2500,5391
2500,6076
2500,6737
2500,6812
2500,6867
2500,4437
2500,6283
2500,5651
2500,5276
2500,3529
2500,4415
2500,4519
2500,5312
2500,5344
2500,4450
2500,5022
2500,5925
2500,4510
2500,5903
2500,4602
2500,5895
2500,5127
2500,6513
2500,4654
2500,5072
2500,6351
2500,4684
2500,6193
2500,5128
2500,512
2500,5629
2500,6261
2500,5058
2500,5999
2500,5091
2500,6144
2500,5205
2500,552
2500,6664
2500,5224
2500,6877
2500,6341
2500,6724
2500,5907
2500,6004
2500,5657
2500,5167
2500,5933
2500,6557
2500,6598
2500,5228
2500,5190
2500,6102
2500,6848
2500,6649
2500,5233
2500,6350
2500,6877
2500,6685
2500,5270
2500,711
2500,7615
2500,2560
2500,2583
2500,1120
2500,6272
2500,1097
2500,2483
2500,844
2500,6594
2500,6249
2500,7040
2500,7422
2500,2481
2500,2435
2500,4910
2500,6817
2500,7057
2500,7379
2500,2518
2500,7153
2500,2576
2500,7601
2500,6969
2500,2459
2500,6982
2500,3834
2500,8940
2500,7570
2500,8328
2500,3940
2500,8918
2500,8723
2500,8904
2500,3878
2500,8768
2500,3962
2500,8424
2500,7740
2500,4050
2500,3726
2500,3734
2500,7521
2500,3898
2500,8661
2500,585
2500,3703
2500,4020
2500,8362
2500,8991
2500,7349
2500,3768
2500,8402
2500,3807
2500,8783
2500,4039
2500,8244
2500,8224
2500,8979
2500,8293
2500,3783
2500,8928
2500,3781
2500,3864
2500,7778
2500,8526
2500,9247
2500,8976
2500,3890
2500,8248
2500,8983
2500,7726
2500,625
2500,3737
2500,7728
2500,7688
2500,8207
2500,4045
2500,8418
2500,7408
2500,8411
2500,3830
2500,8590
2500,3887
2500,8586
2500,9442
2500,1294
2500,1334
2500,5345
2500,10181
2500,1356
2500,5785
2500,10798
2500,593
2500,5715
2500,1304
2500,9393
2500,1596
2500,9680
2500,1339
2500,5827
2500,5288
2500,9724
2500,8744
2500,5452
2500,5738
2500,8822
2500,8883
2500,5774
2500,2243
2500,5402
2500,9601
2500,5336
2500,10069
2500,10151
2500,10912
2500,6189
2500,8898
2500,10130
2500,10732
2500,8815
2500,8944
2500,6113
2500,10225
2500,6158
2500,8998
2500,5422
2500,6183
2500,10288
2500,8944
2500,8770
2500,9696
2500,5457
2500,8978
2500,10118
2500,5890
2500,10180
2500,5567
2500,8912
2500,10212
2500,10220
2500,11071
2500,9797
2500,10194
2500,9447
2500,9828
2500,10248
2500,10389
2500,10208
2500,10440
2500,6217
2500,6201
2500,10294
2500,5592
2500,9198
2500,9571
2500,9768
2500,10135
2500,10547
2500,2392
2500,5558
2500,6378
2500,10158
2500,5773
2500,5610
2500,9173
2500,10290
2500,3166
2500,3403
2500,9854
2500,9799
2500,10643
2500,10287
2500,2391
2500,6059
2500,10378
2500,2567
2500,9874
2500,9373
2500,9909
2500,10276
2500,1976
2500,6403
2500,7073
2500,2631
2500,10488
2500,2467
2500,11363
2500,11958
2500,7653
2500,12833
2500,12426
2500,11869
2500,11350
2500,4587
2500,3588
2500,10697
2500,12418
2500,4736
2500,11560
2500,10739
2500,10867
2500,10483
2500,7043
2500,4253
2500,11381
2500,4203
2500,7582
2500,12371
2500,10700
2500,3717
2500,4202
2500,3115
2500,9645
2500,2360
2500,4879
2500,5539
2500,14191
2500,5984
2500,3056
2500,12975
2500,13742
2500,6173
2500,13592
2500,9139
2500,13634
2500,1989
2500,14286
2500,13871
2500,12728
2500,13705
2500,12612
2500,1873
2500,9514
2500,4990
2500,13578
2500,13691
2500,5749
2500,14304
2500,13021
2500,5008
2500,5628
2500,2719
2500,13818
2500,5575
2500,14056
2500,12828
2500,2509
2500,14616
2500,2336
2500,5469
2500,4909
2500,3028
2500,2900
2500,3032
2500,2811
2500,2537
2500,2835
2500,2832
2500,5286
2500,5537
2500,5953
2500,5615
2500,3195
2500,4921
2500,2586
2500,13647
2500,14371
2500,14405
2500,6089
2500,2969
2500,13867
2500,14282
2500,14373
2500,14296
2500,2352
2500,2508
2500,14177
2500,13551
2500,1732
2500,2435
2500,5155
2500,13713
2500,4998
2500,3098
2500,3101
2500,5583
2500,13458
2500,6073
2500,2993
2500,4996
2500,5578
2500,12558
2500,2703
2500,13916
2500,13962
2500,5509
2500,5675
2500,13611
2500,12665
2500,5514
2500,12964
2500,2829
2500,2481
2500,5595
2500,12734
2500,2850
2500,7386
2500,14644
2500,12771
2500,14117
2500,15359
2500,7309
2500,4067
2500,7295
2500,4212
2500,4209
2500,3900
2500,15727
2500,13880
2500,15312
2500,7237
2500,7177
2500,7330
2500,7104
2500,13845
2500,15440
2500,14933
2500,14833
2500,3262
2500,3864
2500,13984
2500,6959
2500,15345
2500,15059
2500,7357
2500,14721
2500,3950
2500,7252
2500,4098
2500,15020
2500,3661
2500,7247
2500,7094
2500,4445
2500,4122
2500,3752
2500,15594
2500,14361
2500,15044
2500,15398
2500,14817
2500,4020
2500,16678
2500,6032
2500,9286
2500,16039
2500,15901
2500,6073
2500,15863
2500,16610
2500,15933
2500,14707
2500,15916
2500,15974
2500,17176
2500,15943
2500,6191
2500,16019
2500,16662
2500,17112
2500,15917
2500,17150
2500,16609
2500,16073
2500,9514
2500,16006
2500,16109
2500,16120
2500,6100
2500,15915
2500,6059
2500,6109
2500,6100
2500,15872
2500,17137
2500,16034
2500,16050
2500,7207
2500,1943
2500,3686
2500,6336
2500,3772
2500,3981
2500,2027
2500,7096
2500,2001
2500,2051
2500,8138
2500,1930
2500,2062
2500,13155
2500,3773
2500,8301
2500,8320
2500,12042
2500,2764
2500,3320
2500,12392
2500,3222
2500,3172
2500,12511
2500,2841
2500,3036
2500,12538
2500,7616
2500,3206
2500,3465
2500,12562
2500,3224
2500,3334
2500,6991
2500,3382
2500,2821
2500,3413
2500,7577
2500,12670
2500,3528
2500,2868
2500,3211
2500,11912
2500,11951
2500,11983
2500,11778
2500,3099
2500,2972
2500,2975
2500,3055
2500,11859
2500,12085
2500,3471
2500,3031
2500,11912
2500,3100
2500,11975
2500,12028
2500,11935
2500,3134
2500,3650
2500,11952
2500,2930
2500,3164
2500,5119
2500,3560
2500,6899
2500,1879
2500,9904
2500,6966
2500,1825
2500,4072
2500,2791
2500,3109
2500,3248
2500,2781
2500,3327
2500,3407
2500,3365
2500,2855
2500,3435
2500,3401
2500,2874
2500,3390
2500,6741
2500,6747
2500,6733
2500,9769
2500,3024
2500,9815
2500,3440
2500,12665
2500,11176
2500,3222
2500,12024
2500,11386
2500,12026
2500,3723
2500,9139
2500,12095
2500,6337
2500,1928
2500,4608
2500,4510
2500,2799
2500,7912
2500,8944
2500,7439
2500,7861
2500,2791
2500,7937
2500,4575
2500,2856
2500,2909
2500,4504
2500,7909
2500,4894
2500,4360
2500,5356
2500,8297
2500,5387
2500,4123
2500,4898
2500,9447
2500,5364
2500,5401
2500,5040
2500,4584
2500,7392
2500,7808
2500,7939
2500,2884
2500,5002
2500,4856
2500,3274
2500,4452
2500,5412
2500,4493
2500,9007
2500,4483
2500,3189
2500,4403
2500,4202
2500,5194
2500,9455
2500,3358
2500,7914
2500,4443
2500,7511
2500,2913
2500,4591
2500,7905
2500,4428
2500,2821
2500,4617
2500,11053
2500,5513
2500,10649
2500,9239
2500,5578
2500,6594
2500,9235
2500,6423
2500,5608
2500,4392
2500,6072
2500,6344
2500,5779
2500,6278
2500,5821
2500,4483
2500,6384
2500,6554
2500,6263
2500,10778
2500,11140
2500,9990
2500,10858
2500,10920
2500,9483
2500,10202
2500,6351
2500,9484
2500,11041
2500,6127
2500,11232
2500,5623
2500,11048
2500,5549
2500,9618
2500,6327
2500,6242
2500,5844
2500,5798
2500,5987
2500,5969
2500,6663
2500,6194
2500,6358
2500,6475
2500,5817
2500,9402
2500,6100
2500,9356
2500,11198
2500,4686
2500,6817
2500,11162
2500,5907
2500,9578
2500,6048
2500,6291
2500,5612
2500,6127
2500,6293
2500,5946
2500,6232
2500,6688
2500,5725
2500,5814
2500,5628
2500,6049
2500,6619
2500,6297
2500,6128
2500,10736
2500,9401
2500,6489
2500,6088
2500,10801
2500,4485
2500,9621
2500,5915
2500,11500
2500,6508
2500,5963
2500,5982
2500,10815
2500,10977
2500,10749
2500,11340
2500,9785
2500,11246
2500,6728
2500,4582
2500,6465
2500,6436
2500,6543
2500,4666
2500,9516
2500,6050
2500,6130
2500,9610
2500,6521
2500,6559
2500,9642
2500,12575
2500,12404
2500,10485
2500,12538
2500,11511
2500,13011
2500,12344
2500,12694
2500,13022
2500,12284
2500,11453
2500,12525
2500,12556
2500,13074
2500,12221
2500,12520
2500,12598
2500,12774
2500,12784
2500,12207
2500,12669
2500,12708
2500,12520
2500,12423
2500,12045
2500,12981
2500,12796
2500,11422
2500,12530
2500,12653
2500,12392
2500,12618
2500,12536
2500,12798
2500,12632
2500,12526
2500,12594
2500,11601
2500,12254
2500,12105
